sale_ref,customer_id,customer_name,region,sale_date,item,quantity,unit_price,line_total,status,outcome
SO-003670,247,Kestrel Analytics Ltd,LATAM,2026-05-01,Cold-chain container,21,767.99,16127.79,cancelled,at_risk
SO-003722,397,Ravensgate Chemicals GmbH,LATAM,2026-05-01,Pallet rack,23,212.99,4898.77,completed,completed
SO-003672,3,Blue Ridge Logistics Ltd,APAC,2026-05-01,Shrink wrapper,23,60.06,1381.38,completed,completed
SO-003535,212,Pinehurst Logistics Ltd,LATAM,2026-05-01,Tote bin,11,735.48,8090.28,cancelled,at_risk
SO-003617,4,Ironvale Logistics Ltd,UK & Ireland,2026-05-01,Weighing station,18,278.67,5016.06,completed,completed
SO-003680,388,Granite Chemicals Ltd,APAC,2026-05-01,Pallet rack,6,178.61,1071.66,completed,completed
SO-003822,1,Harbourline Logistics Ltd,EMEA,2026-05-01,Label printer,23,838.21,19278.83,pending,at_risk
SO-003790,3,Blue Ridge Logistics Ltd,APAC,2026-05-01,Safety cage,16,566.84,9069.44,pending,at_risk
SO-003576,316,Marlowe Robotics Ltd,EMEA,2026-05-01,Dock leveller,2,568.28,1136.56,completed,completed
SO-003789,324,Ironvale Freight GmbH,UK & Ireland,2026-05-01,Handheld terminal,15,515.13,7726.95,completed,completed
SO-003580,147,Kestrel Ceramics GmbH,LATAM,2026-05-01,Safety cage,6,439.82,2638.92,cancelled,at_risk
SO-003554,2,Cedarcrest Logistics Ltd,LATAM,2026-05-02,Pallet rack,5,823.53,4117.65,pending,at_risk
SO-003757,8,Granite Logistics GmbH,APAC,2026-05-02,Weighing station,8,743.38,5947.04,cancelled,at_risk
SO-003880,55,Copperfield Analytics SA,North America,2026-05-02,Cold-chain container,6,544.99,3269.94,pending,at_risk
SO-003579,1,Harbourline Logistics Ltd,EMEA,2026-05-02,Handheld terminal,5,893.77,4468.85,completed,completed
SO-003905,207,Kestrel Logistics BV,LATAM,2026-05-02,Conveyor belt,6,839.57,5037.42,completed,completed
SO-003497,36,Marlowe Foods Ltd,EMEA,2026-05-02,Sorting arm,23,855.19,19669.37,completed,completed
SO-003801,5,Summit Logistics Ltd,North America,2026-05-02,Tote bin,2,184.72,369.44,completed,completed
SO-003847,62,Cedarcrest Textiles Inc,LATAM,2026-05-02,Sorting arm,23,458.55,10546.65,pending,at_risk
SO-003513,256,Marlowe Analytics GmbH,EMEA,2026-05-02,Conveyor belt,14,161.94,2267.16,completed,completed
SO-003793,1,Harbourline Logistics Ltd,EMEA,2026-05-02,Conveyor belt,19,172.63,3279.97,completed,completed
SO-003671,48,Granite Analytics GmbH,APAC,2026-05-02,Forklift battery,22,649.26,14283.72,completed,completed
SO-003499,65,Summit Textiles BV,North America,2026-05-02,Conveyor belt,25,100.50,2512.50,completed,completed
SO-003734,3,Blue Ridge Logistics Ltd,APAC,2026-05-02,Safety cage,10,312.01,3120.10,pending,at_risk
SO-003871,4,Ironvale Logistics Ltd,UK & Ireland,2026-05-02,Tote bin,22,68.17,1499.74,completed,completed
SO-003517,5,Summit Logistics Ltd,North America,2026-05-02,Forklift battery,18,422.11,7597.98,cancelled,at_risk
SO-003738,148,Granite Ceramics GmbH,APAC,2026-05-02,Label printer,14,910.76,12750.64,completed,completed
SO-003603,184,Ironvale Chemicals GmbH,UK & Ireland,2026-05-02,Weighing station,4,185.41,741.64,completed,completed
SO-003424,1,Harbourline Logistics Ltd,EMEA,2026-05-02,Strapping machine,25,489.54,12238.50,cancelled,at_risk
SO-003703,5,Summit Logistics Ltd,North America,2026-05-02,Tote bin,4,544.08,2176.32,completed,completed
SO-003768,135,Copperfield Freight BV,North America,2026-05-02,Cold-chain container,19,540.29,10265.51,completed,completed
SO-003804,97,Ravensgate Medical Inc,LATAM,2026-05-02,Safety cage,5,327.21,1636.05,completed,completed
SO-003712,9,Meridian Logistics GmbH,UK & Ireland,2026-05-02,Cold-chain container,13,344.68,4480.84,completed,completed
SO-003729,1,Harbourline Logistics Ltd,EMEA,2026-05-02,Weighing station,5,728.44,3642.20,completed,completed
SO-003595,156,Marlowe Ceramics SA,EMEA,2026-05-02,Sorting arm,21,413.06,8674.26,completed,completed
SO-003837,420,Northwind Foods Ltd,North America,2026-05-03,Barcode scanner,13,45.38,589.94,completed,completed
SO-003903,420,Northwind Foods Ltd,North America,2026-05-03,Sorting arm,4,756.35,3025.40,completed,completed
SO-003915,75,Copperfield Textiles Ltd,North America,2026-05-03,Handheld terminal,16,323.92,5182.72,completed,completed
SO-003472,1,Harbourline Logistics Ltd,EMEA,2026-05-03,Label printer,23,93.60,2152.80,cancelled,at_risk
SO-003689,25,Summit Foods Inc,North America,2026-05-03,Tote bin,15,666.48,9997.20,completed,completed
SO-003442,10,Foxglove Logistics GmbH,North America,2026-05-03,Pallet rack,18,586.78,10562.04,completed,completed
SO-003686,1,Harbourline Logistics Ltd,EMEA,2026-05-03,Shrink wrapper,12,956.92,11483.04,cancelled,at_risk
SO-003505,270,Foxglove Textiles Inc,North America,2026-05-03,Weighing station,6,515.56,3093.36,completed,completed
SO-003498,345,Summit Ceramics BV,North America,2026-05-03,Pallet rack,24,67.24,1613.76,completed,completed
SO-003907,7,Kestrel Logistics GmbH,LATAM,2026-05-03,Barcode scanner,8,698.77,5590.16,completed,completed
SO-003800,6,Lakeshore Logistics Ltd,EMEA,2026-05-03,Dock leveller,1,882.27,882.27,cancelled,at_risk
SO-003504,213,Silverbrook Logistics Ltd,APAC,2026-05-03,Shrink wrapper,5,240.53,1202.65,completed,completed
SO-003418,472,Pinehurst Textiles SA,LATAM,2026-05-03,Cold-chain container,19,795.43,15113.17,pending,at_risk
SO-003798,282,Cedarcrest Medical Ltd,LATAM,2026-05-03,Shrink wrapper,24,197.06,4729.44,completed,completed
SO-003407,477,Ravensgate Textiles Inc,LATAM,2026-05-03,Weighing station,8,864.89,6919.12,completed,completed
SO-003781,109,Meridian Robotics Ltd,UK & Ireland,2026-05-03,Barcode scanner,7,441.86,3093.02,completed,completed
SO-003899,2,Cedarcrest Logistics Ltd,LATAM,2026-05-03,Tote bin,25,250.93,6273.25,completed,completed
SO-003788,458,Thistledown Analytics Ltd,APAC,2026-05-04,Strapping machine,14,366.79,5135.06,completed,completed
SO-003557,77,Ravensgate Textiles GmbH,LATAM,2026-05-04,Barcode scanner,8,492.99,3943.92,completed,completed
SO-003529,3,Blue Ridge Logistics Ltd,APAC,2026-05-04,Barcode scanner,5,576.06,2880.30,completed,completed
SO-003547,488,Granite Medical BV,APAC,2026-05-04,Weighing station,23,827.55,19033.65,pending,at_risk
SO-003737,1,Harbourline Logistics Ltd,EMEA,2026-05-04,Conveyor belt,13,887.92,11542.96,completed,completed
SO-003615,1,Harbourline Logistics Ltd,EMEA,2026-05-04,Forklift battery,16,442.63,7082.08,completed,completed
SO-003752,51,Sablewood Analytics SA,EMEA,2026-05-04,Label printer,3,482.08,1446.24,completed,completed
SO-003434,5,Summit Logistics Ltd,North America,2026-05-04,Shrink wrapper,10,149.23,1492.30,completed,completed
SO-003492,122,Cedarcrest Freight SA,LATAM,2026-05-04,Dock leveller,18,505.18,9093.24,pending,at_risk
SO-003659,23,Blue Ridge Foods Inc,APAC,2026-05-04,Weighing station,10,264.35,2643.50,completed,completed
SO-003852,2,Cedarcrest Logistics Ltd,LATAM,2026-05-04,Cold-chain container,3,841.18,2523.54,completed,completed
SO-003460,1,Harbourline Logistics Ltd,EMEA,2026-05-04,Cold-chain container,11,95.69,1052.59,completed,completed
SO-003411,18,Thistledown Logistics SA,APAC,2026-05-04,Handheld terminal,12,588.29,7059.48,pending,at_risk
SO-003427,44,Ironvale Analytics GmbH,UK & Ireland,2026-05-04,Sorting arm,3,117.33,351.99,completed,completed
SO-003702,289,Meridian Medical GmbH,UK & Ireland,2026-05-04,Dock leveller,3,535.64,1606.92,completed,completed
SO-003408,79,Windermere Textiles GmbH,UK & Ireland,2026-05-04,Dock leveller,9,207.66,1868.94,completed,completed
SO-003760,476,Marlowe Textiles Inc,EMEA,2026-05-04,Strapping machine,11,181.71,1998.81,pending,at_risk
SO-003444,73,Silverbrook Textiles Ltd,APAC,2026-05-04,Label printer,20,400.05,8001.00,completed,completed
SO-003747,359,Windermere Ceramics GmbH,UK & Ireland,2026-05-05,Handheld terminal,23,556.31,12795.13,pending,at_risk
SO-003421,130,Foxglove Freight Inc,North America,2026-05-05,Weighing station,22,274.68,6042.96,pending,at_risk
SO-003910,477,Ravensgate Textiles Inc,LATAM,2026-05-05,Shrink wrapper,11,753.06,8283.66,completed,completed
SO-003491,1,Harbourline Logistics Ltd,EMEA,2026-05-05,Weighing station,17,663.78,11284.26,pending,at_risk
SO-003605,15,Copperfield Logistics SA,North America,2026-05-05,Tote bin,6,35.30,211.80,completed,completed
SO-003850,51,Sablewood Analytics SA,EMEA,2026-05-05,Label printer,1,668.30,668.30,completed,completed
SO-003673,2,Cedarcrest Logistics Ltd,LATAM,2026-05-05,Weighing station,24,144.12,3458.88,pending,at_risk
SO-003648,128,Granite Freight Inc,APAC,2026-05-05,Strapping machine,24,245.04,5880.96,completed,completed
SO-003488,51,Sablewood Analytics SA,EMEA,2026-05-05,Cold-chain container,14,433.42,6067.88,completed,completed
SO-003875,495,Copperfield Medical Ltd,North America,2026-05-05,Sorting arm,1,828.47,828.47,completed,completed
SO-003489,1,Harbourline Logistics Ltd,EMEA,2026-05-05,Forklift battery,15,451.57,6773.55,pending,at_risk
SO-003715,300,Northwind Robotics SA,North America,2026-05-05,Weighing station,16,244.79,3916.64,completed,completed
SO-003644,192,Pinehurst Chemicals SA,LATAM,2026-05-05,Shrink wrapper,20,217.40,4348.00,cancelled,at_risk
SO-003842,136,Marlowe Freight BV,EMEA,2026-05-05,Dock leveller,18,203.51,3663.18,completed,completed
SO-003707,119,Windermere Robotics SA,UK & Ireland,2026-05-05,Sorting arm,8,640.41,5123.28,completed,completed
SO-003450,10,Foxglove Logistics GmbH,North America,2026-05-05,Dock leveller,1,547.02,547.02,completed,completed
SO-003865,59,Windermere Analytics Inc,UK & Ireland,2026-05-05,Barcode scanner,16,134.17,2146.72,completed,completed
SO-003521,15,Copperfield Logistics SA,North America,2026-05-05,Tote bin,22,653.09,14367.98,cancelled,at_risk
SO-003830,121,Harbourline Freight SA,EMEA,2026-05-05,Strapping machine,6,428.65,2571.90,completed,completed
SO-003473,147,Kestrel Ceramics GmbH,LATAM,2026-05-05,Barcode scanner,24,38.53,924.72,completed,completed
SO-003810,42,Cedarcrest Analytics GmbH,LATAM,2026-05-05,Cold-chain container,11,693.29,7626.19,completed,completed
SO-003621,4,Ironvale Logistics Ltd,UK & Ireland,2026-05-05,Handheld terminal,22,222.25,4889.50,completed,completed
SO-003533,4,Ironvale Logistics Ltd,UK & Ireland,2026-05-05,Weighing station,9,223.49,2011.41,completed,completed
SO-003490,118,Thistledown Robotics GmbH,APAC,2026-05-05,Shrink wrapper,16,814.45,13031.20,pending,at_risk
SO-003885,72,Pinehurst Textiles Ltd,LATAM,2026-05-06,Tote bin,11,722.45,7946.95,cancelled,at_risk
SO-003570,469,Meridian Textiles SA,UK & Ireland,2026-05-06,Label printer,21,273.41,5741.61,completed,completed
SO-003409,111,Sablewood Robotics Ltd,EMEA,2026-05-06,Tote bin,10,735.85,7358.50,cancelled,at_risk
SO-003632,13,Silverbrook Logistics GmbH,APAC,2026-05-06,Dock leveller,8,206.81,1654.48,completed,completed
SO-003658,1,Harbourline Logistics Ltd,EMEA,2026-05-06,Shrink wrapper,9,218.53,1966.77,completed,completed
SO-003419,289,Meridian Medical GmbH,UK & Ireland,2026-05-06,Forklift battery,20,585.35,11707.00,completed,completed
SO-003604,180,Northwind Chemicals Ltd,North America,2026-05-06,Dock leveller,5,628.27,3141.35,completed,completed
SO-003866,27,Kestrel Foods Inc,LATAM,2026-05-06,Cold-chain container,17,119.13,2025.21,completed,completed
SO-003695,237,Ravensgate Foods Inc,LATAM,2026-05-06,Conveyor belt,21,167.09,3508.89,completed,completed
SO-003512,417,Ravensgate Logistics BV,LATAM,2026-05-06,Pallet rack,13,50.09,651.17,completed,completed
SO-003467,158,Thistledown Ceramics SA,APAC,2026-05-06,Handheld terminal,18,483.12,8696.16,cancelled,at_risk
SO-003669,22,Cedarcrest Foods Inc,LATAM,2026-05-06,Barcode scanner,20,630.91,12618.20,completed,completed
SO-003546,173,Silverbrook Instruments BV,APAC,2026-05-06,Shrink wrapper,22,238.22,5240.84,pending,at_risk
SO-003914,384,Ironvale Chemicals BV,UK & Ireland,2026-05-06,Strapping machine,15,133.99,2009.85,completed,completed
SO-003470,164,Ironvale Instruments Inc,UK & Ireland,2026-05-06,Pallet rack,21,423.14,8885.94,cancelled,at_risk
SO-003881,48,Granite Analytics GmbH,APAC,2026-05-06,Forklift battery,7,173.55,1214.85,completed,completed
SO-003629,171,Sablewood Instruments BV,EMEA,2026-05-06,Forklift battery,5,697.83,3489.15,completed,completed
SO-003514,169,Meridian Instruments BV,UK & Ireland,2026-05-06,Label printer,15,815.17,12227.55,completed,completed
SO-003694,38,Thistledown Foods Ltd,APAC,2026-05-06,Pallet rack,20,303.52,6070.40,completed,completed
SO-003783,12,Pinehurst Logistics GmbH,LATAM,2026-05-06,Forklift battery,9,314.27,2828.43,completed,completed
SO-003601,188,Granite Chemicals GmbH,APAC,2026-05-07,Forklift battery,2,123.92,247.84,completed,completed
SO-003674,331,Sablewood Freight SA,EMEA,2026-05-07,Dock leveller,25,687.03,17175.75,completed,completed
SO-003474,208,Granite Logistics BV,APAC,2026-05-07,Cold-chain container,25,152.39,3809.75,completed,completed
SO-003445,66,Lakeshore Textiles BV,EMEA,2026-05-07,Barcode scanner,21,92.12,1934.52,pending,at_risk
SO-003585,417,Ravensgate Logistics BV,LATAM,2026-05-07,Barcode scanner,11,646.86,7115.46,cancelled,at_risk
SO-003858,6,Lakeshore Logistics Ltd,EMEA,2026-05-07,Strapping machine,9,291.77,2625.93,cancelled,at_risk
SO-003813,199,Windermere Chemicals Inc,UK & Ireland,2026-05-07,Weighing station,14,390.91,5472.74,completed,completed
SO-003614,187,Kestrel Chemicals GmbH,LATAM,2026-05-07,Cold-chain container,15,775.65,11634.75,completed,completed
SO-003718,228,Granite Foods SA,APAC,2026-05-07,Strapping machine,19,844.27,16041.13,pending,at_risk
SO-003876,213,Silverbrook Logistics Ltd,APAC,2026-05-07,Pallet rack,2,609.98,1219.96,completed,completed
SO-003836,293,Silverbrook Medical GmbH,APAC,2026-05-07,Label printer,12,565.47,6785.64,completed,completed
SO-003422,47,Kestrel Analytics GmbH,LATAM,2026-05-07,Dock leveller,23,495.46,11395.58,completed,completed
SO-003454,2,Cedarcrest Logistics Ltd,LATAM,2026-05-07,Safety cage,5,52.26,261.30,completed,completed
SO-003523,235,Copperfield Foods Inc,North America,2026-05-07,Handheld terminal,24,326.08,7825.92,cancelled,at_risk
SO-003602,18,Thistledown Logistics SA,APAC,2026-05-07,Shrink wrapper,3,671.01,2013.03,completed,completed
SO-003483,211,Sablewood Logistics Ltd,EMEA,2026-05-07,Sorting arm,9,908.93,8180.37,pending,at_risk
SO-003527,4,Ironvale Logistics Ltd,UK & Ireland,2026-05-07,Conveyor belt,3,801.25,2403.75,completed,completed
SO-003626,196,Marlowe Chemicals Inc,EMEA,2026-05-07,Label printer,2,911.94,1823.88,completed,completed
SO-003433,1,Harbourline Logistics Ltd,EMEA,2026-05-07,Forklift battery,9,326.75,2940.75,completed,completed
SO-003653,71,Sablewood Textiles Ltd,EMEA,2026-05-07,Conveyor belt,4,643.54,2574.16,completed,completed
SO-003779,65,Summit Textiles BV,North America,2026-05-07,Conveyor belt,5,318.41,1592.05,completed,completed
SO-003652,4,Ironvale Logistics Ltd,UK & Ireland,2026-05-07,Pallet rack,3,670.53,2011.59,cancelled,at_risk
SO-003415,280,Northwind Medical Ltd,North America,2026-05-07,Conveyor belt,16,593.22,9491.52,pending,at_risk
SO-003503,108,Granite Robotics Ltd,APAC,2026-05-07,Forklift battery,4,904.75,3619.00,completed,completed
SO-003841,15,Copperfield Logistics SA,North America,2026-05-08,Weighing station,17,567.31,9644.27,cancelled,at_risk
SO-003478,1,Harbourline Logistics Ltd,EMEA,2026-05-08,Dock leveller,4,604.19,2416.76,completed,completed
SO-003487,231,Sablewood Foods Inc,EMEA,2026-05-08,Barcode scanner,13,676.90,8799.70,pending,at_risk
SO-003477,102,Cedarcrest Robotics BV,LATAM,2026-05-08,Weighing station,3,144.13,432.39,completed,completed
SO-003562,140,Northwind Ceramics Ltd,North America,2026-05-08,Dock leveller,13,23.55,306.15,completed,completed
SO-003610,195,Copperfield Chemicals SA,North America,2026-05-08,Pallet rack,11,490.40,5394.40,completed,completed
SO-003749,14,Alderway Logistics SA,UK & Ireland,2026-05-08,Sorting arm,25,305.40,7635.00,completed,completed
SO-003711,3,Blue Ridge Logistics Ltd,APAC,2026-05-08,Barcode scanner,12,455.72,5468.64,completed,completed
SO-003624,122,Cedarcrest Freight SA,LATAM,2026-05-08,Pallet rack,25,521.51,13037.75,cancelled,at_risk
SO-003551,2,Cedarcrest Logistics Ltd,LATAM,2026-05-08,Handheld terminal,2,617.71,1235.42,completed,completed
SO-003592,242,Cedarcrest Analytics BV,LATAM,2026-05-08,Strapping machine,18,495.29,8915.22,completed,completed
SO-003461,34,Alderway Foods BV,UK & Ireland,2026-05-08,Forklift battery,12,449.97,5399.64,completed,completed
SO-003516,282,Cedarcrest Medical Ltd,LATAM,2026-05-08,Cold-chain container,17,75.01,1275.17,completed,completed
SO-003771,3,Blue Ridge Logistics Ltd,APAC,2026-05-08,Weighing station,22,19.47,428.34,completed,completed
SO-003455,2,Cedarcrest Logistics Ltd,LATAM,2026-05-08,Sorting arm,6,742.66,4455.96,pending,at_risk
SO-003586,8,Granite Logistics GmbH,APAC,2026-05-08,Cold-chain container,12,734.62,8815.44,pending,at_risk
SO-003413,1,Harbourline Logistics Ltd,EMEA,2026-05-08,Sorting arm,14,639.69,8955.66,pending,at_risk
SO-003775,212,Pinehurst Logistics Ltd,LATAM,2026-05-08,Handheld terminal,1,399.34,399.34,pending,at_risk
SO-003493,333,Silverbrook Freight SA,APAC,2026-05-09,Tote bin,19,942.38,17905.22,pending,at_risk
SO-003643,231,Sablewood Foods Inc,EMEA,2026-05-09,Forklift battery,19,116.08,2205.52,completed,completed
SO-003739,154,Alderway Ceramics SA,UK & Ireland,2026-05-09,Barcode scanner,15,243.59,3653.85,completed,completed
SO-003818,368,Granite Instruments SA,APAC,2026-05-09,Safety cage,19,805.24,15299.56,pending,at_risk
SO-003693,218,Thistledown Logistics GmbH,APAC,2026-05-09,Sorting arm,19,939.79,17856.01,completed,completed
SO-003606,243,Blue Ridge Analytics BV,APAC,2026-05-09,Strapping machine,7,80.16,561.12,completed,completed
SO-003540,7,Kestrel Logistics GmbH,LATAM,2026-05-09,Pallet rack,16,191.43,3062.88,cancelled,at_risk
SO-003725,448,Granite Analytics BV,APAC,2026-05-09,Barcode scanner,1,849.49,849.49,completed,completed
SO-003501,1,Harbourline Logistics Ltd,EMEA,2026-05-09,Barcode scanner,2,26.33,52.66,completed,completed
SO-003508,4,Ironvale Logistics Ltd,UK & Ireland,2026-05-09,Strapping machine,9,801.30,7211.70,completed,completed
SO-003646,29,Meridian Foods BV,UK & Ireland,2026-05-09,Dock leveller,22,890.11,19582.42,completed,completed
SO-003480,409,Meridian Logistics Inc,UK & Ireland,2026-05-09,Strapping machine,6,471.50,2829.00,completed,completed
SO-003834,377,Ravensgate Instruments Inc,LATAM,2026-05-09,Pallet rack,10,484.92,4849.20,cancelled,at_risk
SO-003577,19,Windermere Logistics SA,UK & Ireland,2026-05-09,Tote bin,3,671.09,2013.27,completed,completed
SO-003821,1,Harbourline Logistics Ltd,EMEA,2026-05-09,Conveyor belt,22,87.36,1921.92,completed,completed
SO-003537,1,Harbourline Logistics Ltd,EMEA,2026-05-09,Handheld terminal,13,920.66,11968.58,completed,completed
SO-003611,454,Alderway Analytics BV,UK & Ireland,2026-05-10,Conveyor belt,12,697.75,8373.00,cancelled,at_risk
SO-003856,332,Pinehurst Freight SA,LATAM,2026-05-10,Dock leveller,7,941.62,6591.34,completed,completed
SO-003828,483,Blue Ridge Medical BV,APAC,2026-05-10,Dock leveller,4,150.22,600.88,completed,completed
SO-003468,133,Silverbrook Freight BV,APAC,2026-05-10,Safety cage,19,857.31,16288.89,completed,completed
SO-003607,19,Windermere Logistics SA,UK & Ireland,2026-05-10,Handheld terminal,8,656.02,5248.16,completed,completed
SO-003918,393,Silverbrook Chemicals GmbH,APAC,2026-05-10,Pallet rack,19,40.03,760.57,completed,completed
SO-003733,84,Ironvale Medical SA,UK & Ireland,2026-05-10,Handheld terminal,9,881.59,7934.31,cancelled,at_risk
SO-003870,1,Harbourline Logistics Ltd,EMEA,2026-05-10,Dock leveller,21,942.58,19794.18,cancelled,at_risk
SO-003803,306,Lakeshore Robotics Inc,EMEA,2026-05-10,Handheld terminal,4,824.23,3296.92,completed,completed
SO-003571,13,Silverbrook Logistics GmbH,APAC,2026-05-10,Barcode scanner,22,623.13,13708.86,cancelled,at_risk
SO-003824,69,Meridian Textiles BV,UK & Ireland,2026-05-10,Cold-chain container,25,692.94,17323.50,completed,completed
SO-003466,126,Lakeshore Freight Inc,EMEA,2026-05-10,Strapping machine,17,815.48,13863.16,pending,at_risk
SO-003588,25,Summit Foods Inc,North America,2026-05-10,Shrink wrapper,14,558.83,7823.62,completed,completed
SO-003581,151,Sablewood Ceramics GmbH,EMEA,2026-05-10,Sorting arm,7,466.48,3265.36,completed,completed
SO-003814,1,Harbourline Logistics Ltd,EMEA,2026-05-10,Dock leveller,15,188.89,2833.35,completed,completed
SO-003417,21,Harbourline Foods Inc,EMEA,2026-05-10,Barcode scanner,18,418.87,7539.66,completed,completed
SO-003678,443,Blue Ridge Analytics Inc,APAC,2026-05-10,Safety cage,4,40.01,160.04,completed,completed
SO-003456,6,Lakeshore Logistics Ltd,EMEA,2026-05-10,Pallet rack,7,433.73,3036.11,cancelled,at_risk
SO-003612,123,Blue Ridge Freight SA,APAC,2026-05-10,Label printer,13,433.91,5640.83,completed,completed
SO-003609,332,Pinehurst Freight SA,LATAM,2026-05-11,Sorting arm,10,915.98,9159.80,pending,at_risk
SO-003682,98,Thistledown Medical BV,APAC,2026-05-11,Label printer,8,245.94,1967.52,completed,completed
SO-003799,2,Cedarcrest Logistics Ltd,LATAM,2026-05-11,Weighing station,25,56.24,1406.00,completed,completed
SO-003819,260,Northwind Textiles SA,North America,2026-05-11,Sorting arm,20,197.87,3957.40,pending,at_risk
SO-003691,129,Meridian Freight Inc,UK & Ireland,2026-05-11,Handheld terminal,17,735.94,12510.98,completed,completed
SO-003714,226,Lakeshore Foods SA,EMEA,2026-05-11,Shrink wrapper,15,822.70,12340.50,completed,completed
SO-003440,73,Silverbrook Textiles Ltd,APAC,2026-05-11,Safety cage,16,256.29,4100.64,completed,completed
SO-003534,1,Harbourline Logistics Ltd,EMEA,2026-05-11,Dock leveller,10,164.40,1644.00,completed,completed
SO-003541,15,Copperfield Logistics SA,North America,2026-05-11,Conveyor belt,17,625.98,10641.66,completed,completed
SO-003485,157,Ravensgate Ceramics SA,LATAM,2026-05-11,Conveyor belt,11,208.25,2290.75,completed,completed
SO-003904,356,Marlowe Ceramics Ltd,EMEA,2026-05-11,Pallet rack,5,134.13,670.65,completed,completed
SO-003553,12,Pinehurst Logistics GmbH,LATAM,2026-05-11,Sorting arm,4,656.26,2625.04,cancelled,at_risk
SO-003759,440,Northwind Analytics SA,North America,2026-05-11,Tote bin,10,158.85,1588.50,completed,completed
SO-003833,291,Sablewood Medical GmbH,EMEA,2026-05-11,Sorting arm,9,599.01,5391.09,completed,completed
SO-003640,340,Northwind Ceramics Inc,North America,2026-05-11,Label printer,16,708.27,11332.32,cancelled,at_risk
SO-003770,425,Summit Foods Ltd,North America,2026-05-11,Shrink wrapper,21,142.30,2988.30,completed,completed
SO-003909,153,Silverbrook Ceramics GmbH,APAC,2026-05-11,Forklift battery,10,304.70,3047.00,pending,at_risk
SO-003832,337,Ravensgate Freight Inc,LATAM,2026-05-11,Safety cage,8,690.56,5524.48,completed,completed
SO-003720,14,Alderway Logistics SA,UK & Ireland,2026-05-11,Safety cage,21,849.95,17848.95,completed,completed
SO-003668,156,Marlowe Ceramics SA,EMEA,2026-05-11,Label printer,19,860.98,16358.62,completed,completed
SO-003475,50,Foxglove Analytics SA,North America,2026-05-11,Forklift battery,1,186.62,186.62,completed,completed
SO-003462,1,Harbourline Logistics Ltd,EMEA,2026-05-12,Shrink wrapper,13,488.02,6344.26,pending,at_risk
SO-003578,6,Lakeshore Logistics Ltd,EMEA,2026-05-12,Strapping machine,4,674.79,2699.16,completed,completed
SO-003713,3,Blue Ridge Logistics Ltd,APAC,2026-05-12,Forklift battery,14,742.05,10388.70,pending,at_risk
SO-003750,38,Thistledown Foods Ltd,APAC,2026-05-12,Pallet rack,1,758.05,758.05,completed,completed
SO-003665,36,Marlowe Foods Ltd,EMEA,2026-05-12,Sorting arm,16,848.69,13579.04,completed,completed
SO-003772,304,Ironvale Robotics Inc,UK & Ireland,2026-05-12,Dock leveller,23,517.20,11895.60,cancelled,at_risk
SO-003511,75,Copperfield Textiles Ltd,North America,2026-05-12,Sorting arm,12,322.91,3874.92,completed,completed
SO-003572,195,Copperfield Chemicals SA,North America,2026-05-12,Cold-chain container,23,328.31,7551.13,cancelled,at_risk
SO-003721,220,Northwind Foods GmbH,North America,2026-05-12,Sorting arm,22,650.83,14318.26,completed,completed
SO-003685,173,Silverbrook Instruments BV,APAC,2026-05-12,Forklift battery,11,96.25,1058.75,completed,completed
SO-003639,9,Meridian Logistics GmbH,UK & Ireland,2026-05-12,Conveyor belt,15,186.05,2790.75,cancelled,at_risk
SO-003453,1,Harbourline Logistics Ltd,EMEA,2026-05-12,Handheld terminal,4,681.31,2725.24,completed,completed
SO-003439,184,Ironvale Chemicals GmbH,UK & Ireland,2026-05-12,Handheld terminal,15,902.82,13542.30,pending,at_risk
SO-003520,231,Sablewood Foods Inc,EMEA,2026-05-12,Dock leveller,21,170.47,3579.87,completed,completed
SO-003559,5,Summit Logistics Ltd,North America,2026-05-12,Forklift battery,10,664.74,6647.40,completed,completed
SO-003831,326,Lakeshore Freight GmbH,EMEA,2026-05-12,Handheld terminal,7,87.19,610.33,completed,completed
SO-003566,1,Harbourline Logistics Ltd,EMEA,2026-05-12,Safety cage,17,20.32,345.44,completed,completed
SO-003797,443,Blue Ridge Analytics Inc,APAC,2026-05-12,Forklift battery,23,627.63,14435.49,completed,completed
SO-003423,261,Harbourline Textiles SA,EMEA,2026-05-12,Tote bin,24,498.97,11975.28,cancelled,at_risk
SO-003412,56,Marlowe Analytics Inc,EMEA,2026-05-12,Safety cage,13,839.54,10914.02,completed,completed
SO-003532,89,Meridian Medical SA,UK & Ireland,2026-05-12,Shrink wrapper,8,284.89,2279.12,completed,completed
SO-003636,372,Pinehurst Instruments Inc,LATAM,2026-05-12,Safety cage,12,798.91,9586.92,pending,at_risk
SO-003679,261,Harbourline Textiles SA,EMEA,2026-05-12,Sorting arm,5,270.59,1352.95,completed,completed
SO-003843,368,Granite Instruments SA,APAC,2026-05-12,Tote bin,19,230.31,4375.89,completed,completed
SO-003724,54,Alderway Analytics SA,UK & Ireland,2026-05-13,Label printer,25,778.26,19456.50,pending,at_risk
SO-003642,469,Meridian Textiles SA,UK & Ireland,2026-05-13,Cold-chain container,18,328.27,5908.86,completed,completed
SO-003649,120,Northwind Freight SA,North America,2026-05-13,Handheld terminal,25,741.14,18528.50,pending,at_risk
SO-003853,1,Harbourline Logistics Ltd,EMEA,2026-05-13,Forklift battery,4,770.38,3081.52,completed,completed
SO-003502,415,Copperfield Logistics BV,North America,2026-05-13,Cold-chain container,3,270.73,812.19,completed,completed
SO-003548,435,Copperfield Foods SA,North America,2026-05-13,Dock leveller,24,607.89,14589.36,cancelled,at_risk
SO-003740,58,Thistledown Analytics Inc,APAC,2026-05-13,Cold-chain container,16,557.26,8916.16,cancelled,at_risk
SO-003917,22,Cedarcrest Foods Inc,LATAM,2026-05-13,Sorting arm,18,53.78,968.04,completed,completed
SO-003587,24,Ironvale Foods Inc,UK & Ireland,2026-05-13,Forklift battery,13,311.86,4054.18,completed,completed
SO-003812,54,Alderway Analytics SA,UK & Ireland,2026-05-13,Shrink wrapper,13,773.96,10061.48,completed,completed
SO-003690,9,Meridian Logistics GmbH,UK & Ireland,2026-05-13,Strapping machine,16,649.38,10390.08,pending,at_risk
SO-003762,28,Granite Foods BV,APAC,2026-05-13,Safety cage,13,885.74,11514.62,pending,at_risk
SO-003864,1,Harbourline Logistics Ltd,EMEA,2026-05-13,Label printer,15,665.54,9983.10,completed,completed
SO-003625,446,Lakeshore Analytics Inc,EMEA,2026-05-13,Conveyor belt,1,266.62,266.62,completed,completed
SO-003596,46,Lakeshore Analytics GmbH,EMEA,2026-05-13,Pallet rack,22,89.88,1977.36,completed,completed
SO-003838,182,Cedarcrest Chemicals GmbH,LATAM,2026-05-13,Cold-chain container,14,419.82,5877.48,pending,at_risk
SO-003410,21,Harbourline Foods Inc,EMEA,2026-05-13,Strapping machine,11,447.11,4918.21,completed,completed
SO-003898,66,Lakeshore Textiles BV,EMEA,2026-05-13,Dock leveller,24,449.62,10790.88,pending,at_risk
SO-003785,456,Marlowe Analytics Ltd,EMEA,2026-05-13,Weighing station,11,282.81,3110.91,pending,at_risk
SO-003892,1,Harbourline Logistics Ltd,EMEA,2026-05-14,Label printer,18,904.45,16280.10,completed,completed
SO-003526,37,Ravensgate Foods Ltd,LATAM,2026-05-14,Pallet rack,2,806.10,1612.20,completed,completed
SO-003839,28,Granite Foods BV,APAC,2026-05-14,Forklift battery,15,105.66,1584.90,completed,completed
SO-003817,307,Kestrel Robotics Inc,LATAM,2026-05-14,Handheld terminal,18,754.36,13578.48,completed,completed
SO-003787,162,Cedarcrest Instruments Inc,LATAM,2026-05-14,Tote bin,13,698.25,9077.25,cancelled,at_risk
SO-003709,37,Ravensgate Foods Ltd,LATAM,2026-05-14,Conveyor belt,10,43.88,438.80,completed,completed
SO-003425,1,Harbourline Logistics Ltd,EMEA,2026-05-14,Handheld terminal,1,694.78,694.78,completed,completed
SO-003597,302,Cedarcrest Robotics Inc,LATAM,2026-05-14,Conveyor belt,23,789.61,18161.03,pending,at_risk
SO-003518,282,Cedarcrest Medical Ltd,LATAM,2026-05-14,Shrink wrapper,19,924.68,17568.92,completed,completed
SO-003441,200,Northwind Logistics Inc,North America,2026-05-14,Sorting arm,17,824.88,14022.96,pending,at_risk
SO-003530,1,Harbourline Logistics Ltd,EMEA,2026-05-14,Cold-chain container,6,162.83,976.98,completed,completed
SO-003827,119,Windermere Robotics SA,UK & Ireland,2026-05-14,Weighing station,3,693.15,2079.45,completed,completed
SO-003647,96,Marlowe Medical Inc,EMEA,2026-05-14,Tote bin,23,359.87,8277.01,pending,at_risk
SO-003705,44,Ironvale Analytics GmbH,UK & Ireland,2026-05-14,Handheld terminal,6,404.40,2426.40,completed,completed
SO-003869,478,Thistledown Textiles Inc,APAC,2026-05-14,Weighing station,20,204.56,4091.20,completed,completed
SO-003700,3,Blue Ridge Logistics Ltd,APAC,2026-05-14,Shrink wrapper,1,827.99,827.99,completed,completed
SO-003666,2,Cedarcrest Logistics Ltd,LATAM,2026-05-14,Pallet rack,17,436.62,7422.54,completed,completed
SO-003761,37,Ravensgate Foods Ltd,LATAM,2026-05-14,Handheld terminal,12,638.36,7660.32,pending,at_risk
SO-003664,8,Granite Logistics GmbH,APAC,2026-05-14,Safety cage,15,48.74,731.10,completed,completed
SO-003405,58,Thistledown Analytics Inc,APAC,2026-05-14,Forklift battery,6,432.05,2592.30,completed,completed
SO-003764,317,Ravensgate Robotics Ltd,LATAM,2026-05-14,Pallet rack,15,518.99,7784.85,cancelled,at_risk
SO-003645,13,Silverbrook Logistics GmbH,APAC,2026-05-14,Weighing station,21,566.97,11906.37,cancelled,at_risk
SO-003500,181,Harbourline Chemicals Ltd,EMEA,2026-05-15,Label printer,1,394.82,394.82,completed,completed
SO-003476,325,Summit Freight GmbH,North America,2026-05-15,Shrink wrapper,2,137.36,274.72,completed,completed
SO-003430,494,Alderway Medical Ltd,UK & Ireland,2026-05-15,Label printer,6,224.21,1345.26,completed,completed
SO-003791,44,Ironvale Analytics GmbH,UK & Ireland,2026-05-15,Sorting arm,17,595.21,10118.57,completed,completed
SO-003402,2,Cedarcrest Logistics Ltd,LATAM,2026-05-15,Label printer,3,884.46,2653.38,cancelled,at_risk
SO-003701,19,Windermere Logistics SA,UK & Ireland,2026-05-15,Weighing station,2,461.18,922.36,completed,completed
SO-003736,370,Foxglove Instruments SA,North America,2026-05-15,Pallet rack,12,530.86,6370.32,cancelled,at_risk
SO-003458,273,Silverbrook Textiles BV,APAC,2026-05-15,Label printer,9,161.74,1455.66,completed,completed
SO-003872,20,Northwind Foods SA,North America,2026-05-15,Strapping machine,23,627.92,14442.16,completed,completed
SO-003463,126,Lakeshore Freight Inc,EMEA,2026-05-15,Weighing station,14,708.08,9913.12,cancelled,at_risk
SO-003660,37,Ravensgate Foods Ltd,LATAM,2026-05-15,Dock leveller,11,633.16,6964.76,pending,at_risk
SO-003496,93,Silverbrook Medical Inc,APAC,2026-05-15,Safety cage,22,914.95,20128.90,completed,completed
SO-003528,471,Sablewood Textiles SA,EMEA,2026-05-15,Label printer,4,291.96,1167.84,completed,completed
SO-003524,64,Ironvale Textiles BV,UK & Ireland,2026-05-15,Safety cage,25,331.49,8287.25,completed,completed
SO-003567,384,Ironvale Chemicals BV,UK & Ireland,2026-05-15,Sorting arm,18,22.90,412.20,pending,at_risk
SO-003808,40,Northwind Analytics Ltd,North America,2026-05-15,Label printer,9,548.18,4933.62,pending,at_risk
SO-003622,38,Thistledown Foods Ltd,APAC,2026-05-16,Safety cage,23,39.44,907.12,cancelled,at_risk
SO-003756,5,Summit Logistics Ltd,North America,2026-05-16,Shrink wrapper,7,714.61,5002.27,completed,completed
SO-003447,9,Meridian Logistics GmbH,UK & Ireland,2026-05-16,Forklift battery,23,808.41,18593.43,cancelled,at_risk
SO-003416,60,Northwind Textiles Inc,North America,2026-05-16,Label printer,17,391.56,6656.52,pending,at_risk
SO-003556,26,Lakeshore Foods Inc,EMEA,2026-05-16,Label printer,7,121.56,850.92,completed,completed
SO-003635,432,Pinehurst Foods GmbH,LATAM,2026-05-16,Handheld terminal,11,253.10,2784.10,pending,at_risk
SO-003815,5,Summit Logistics Ltd,North America,2026-05-16,Tote bin,16,823.07,13169.12,cancelled,at_risk
SO-003457,341,Harbourline Ceramics Inc,EMEA,2026-05-16,Conveyor belt,8,622.81,4982.48,cancelled,at_risk
SO-003406,1,Harbourline Logistics Ltd,EMEA,2026-05-16,Shrink wrapper,7,95.60,669.20,completed,completed
SO-003568,326,Lakeshore Freight GmbH,EMEA,2026-05-16,Pallet rack,19,279.26,5305.94,cancelled,at_risk
SO-003550,209,Meridian Logistics BV,UK & Ireland,2026-05-16,Strapping machine,1,90.85,90.85,completed,completed
SO-003845,199,Windermere Chemicals Inc,UK & Ireland,2026-05-16,Handheld terminal,21,476.73,10011.33,pending,at_risk
SO-003437,1,Harbourline Logistics Ltd,EMEA,2026-05-16,Tote bin,13,672.20,8738.60,cancelled,at_risk
SO-003590,434,Alderway Foods SA,UK & Ireland,2026-05-16,Dock leveller,16,42.61,681.76,completed,completed
SO-003654,6,Lakeshore Logistics Ltd,EMEA,2026-05-16,Label printer,5,526.78,2633.90,completed,completed
SO-003716,16,Marlowe Logistics SA,EMEA,2026-05-16,Dock leveller,17,792.48,13472.16,completed,completed
SO-003792,38,Thistledown Foods Ltd,APAC,2026-05-16,Pallet rack,18,421.67,7590.06,pending,at_risk
SO-003594,42,Cedarcrest Analytics GmbH,LATAM,2026-05-16,Safety cage,20,582.84,11656.80,pending,at_risk
SO-003840,290,Foxglove Medical GmbH,North America,2026-05-16,Shrink wrapper,16,802.02,12832.32,completed,completed
SO-003688,12,Pinehurst Logistics GmbH,LATAM,2026-05-16,Dock leveller,14,115.85,1621.90,cancelled,at_risk
SO-003515,43,Blue Ridge Analytics GmbH,APAC,2026-05-16,Barcode scanner,16,264.58,4233.28,pending,at_risk
SO-003900,252,Pinehurst Analytics GmbH,LATAM,2026-05-17,Strapping machine,1,544.82,544.82,completed,completed
SO-003748,9,Meridian Logistics GmbH,UK & Ireland,2026-05-17,Safety cage,24,940.89,22581.36,cancelled,at_risk
SO-003897,6,Lakeshore Logistics Ltd,EMEA,2026-05-17,Weighing station,23,101.20,2327.60,completed,completed
SO-003650,90,Foxglove Medical SA,North America,2026-05-17,Safety cage,1,626.69,626.69,completed,completed
SO-003825,8,Granite Logistics GmbH,APAC,2026-05-17,Forklift battery,1,820.74,820.74,completed,completed
SO-003731,5,Summit Logistics Ltd,North America,2026-05-17,Tote bin,7,206.78,1447.46,completed,completed
SO-003735,344,Ironvale Ceramics BV,UK & Ireland,2026-05-17,Sorting arm,11,278.14,3059.54,cancelled,at_risk
SO-003429,7,Kestrel Logistics GmbH,LATAM,2026-05-17,Conveyor belt,5,515.27,2576.35,completed,completed
SO-003623,347,Kestrel Ceramics BV,LATAM,2026-05-17,Sorting arm,24,428.70,10288.80,completed,completed
SO-003637,102,Cedarcrest Robotics BV,LATAM,2026-05-17,Sorting arm,13,772.59,10043.67,completed,completed
SO-003763,237,Ravensgate Foods Inc,LATAM,2026-05-17,Sorting arm,14,880.90,12332.60,completed,completed
SO-003796,114,Alderway Robotics GmbH,UK & Ireland,2026-05-17,Cold-chain container,22,784.58,17260.76,pending,at_risk
SO-003811,461,Harbourline Textiles Ltd,EMEA,2026-05-18,Forklift battery,12,417.91,5014.92,completed,completed
SO-003543,203,Blue Ridge Logistics BV,APAC,2026-05-18,Barcode scanner,19,627.73,11926.87,pending,at_risk
SO-003874,4,Ironvale Logistics Ltd,UK & Ireland,2026-05-18,Safety cage,25,219.25,5481.25,completed,completed
SO-003911,63,Blue Ridge Textiles BV,APAC,2026-05-18,Weighing station,12,202.30,2427.60,completed,completed
SO-003510,1,Harbourline Logistics Ltd,EMEA,2026-05-18,Safety cage,11,857.05,9427.55,pending,at_risk
SO-003708,419,Windermere Logistics BV,UK & Ireland,2026-05-18,Pallet rack,9,729.97,6569.73,completed,completed
SO-003888,14,Alderway Logistics SA,UK & Ireland,2026-05-18,Safety cage,14,114.64,1604.96,cancelled,at_risk
SO-003859,362,Cedarcrest Instruments GmbH,LATAM,2026-05-18,Handheld terminal,10,454.04,4540.40,completed,completed
SO-003549,47,Kestrel Analytics GmbH,LATAM,2026-05-18,Tote bin,25,505.00,12625.00,pending,at_risk
SO-003769,331,Sablewood Freight SA,EMEA,2026-05-18,Forklift battery,20,774.75,15495.00,completed,completed
SO-003809,41,Harbourline Analytics Ltd,EMEA,2026-05-18,Barcode scanner,10,879.36,8793.60,completed,completed
SO-003778,157,Ravensgate Ceramics SA,LATAM,2026-05-18,Pallet rack,4,416.54,1666.16,completed,completed
SO-003692,62,Cedarcrest Textiles Inc,LATAM,2026-05-18,Safety cage,18,842.07,15157.26,cancelled,at_risk
SO-003436,136,Marlowe Freight BV,EMEA,2026-05-18,Dock leveller,12,814.89,9778.68,pending,at_risk
SO-003616,2,Cedarcrest Logistics Ltd,LATAM,2026-05-18,Shrink wrapper,17,688.29,11700.93,cancelled,at_risk
SO-003896,11,Sablewood Logistics GmbH,EMEA,2026-05-19,Shrink wrapper,22,703.63,15479.86,completed,completed
SO-003593,476,Marlowe Textiles Inc,EMEA,2026-05-19,Handheld terminal,19,477.45,9071.55,cancelled,at_risk
SO-003887,251,Sablewood Analytics Ltd,EMEA,2026-05-19,Handheld terminal,13,626.08,8139.04,completed,completed
SO-003697,33,Silverbrook Foods BV,APAC,2026-05-19,Barcode scanner,23,405.17,9318.91,cancelled,at_risk
SO-003677,260,Northwind Textiles SA,North America,2026-05-19,Handheld terminal,3,397.83,1193.49,cancelled,at_risk
SO-003912,204,Ironvale Logistics BV,UK & Ireland,2026-05-19,Dock leveller,13,805.20,10467.60,cancelled,at_risk
SO-003459,56,Marlowe Analytics Inc,EMEA,2026-05-19,Barcode scanner,10,615.84,6158.40,completed,completed
SO-003633,12,Pinehurst Logistics GmbH,LATAM,2026-05-19,Tote bin,9,149.02,1341.18,completed,completed
SO-003823,5,Summit Logistics Ltd,North America,2026-05-19,Barcode scanner,24,449.06,10777.44,completed,completed
SO-003608,150,Foxglove Ceramics GmbH,North America,2026-05-19,Safety cage,9,603.37,5430.33,completed,completed
SO-003620,1,Harbourline Logistics Ltd,EMEA,2026-05-19,Strapping machine,21,90.91,1909.11,completed,completed
SO-003403,143,Blue Ridge Ceramics Ltd,APAC,2026-05-19,Barcode scanner,4,827.96,3311.84,pending,at_risk
SO-003873,1,Harbourline Logistics Ltd,EMEA,2026-05-19,Handheld terminal,24,278.97,6695.28,cancelled,at_risk
SO-003641,313,Silverbrook Robotics BV,APAC,2026-05-19,Barcode scanner,17,821.75,13969.75,completed,completed
SO-003758,4,Ironvale Logistics Ltd,UK & Ireland,2026-05-19,Dock leveller,9,827.92,7451.28,completed,completed
SO-003657,62,Cedarcrest Textiles Inc,LATAM,2026-05-19,Forklift battery,8,479.07,3832.56,cancelled,at_risk
SO-003855,418,Thistledown Logistics BV,APAC,2026-05-19,Weighing station,6,63.72,382.32,completed,completed
SO-003486,223,Blue Ridge Foods GmbH,APAC,2026-05-19,Label printer,12,295.84,3550.08,cancelled,at_risk
SO-003704,1,Harbourline Logistics Ltd,EMEA,2026-05-19,Strapping machine,5,685.02,3425.10,cancelled,at_risk
SO-003663,39,Windermere Foods Ltd,UK & Ireland,2026-05-19,Handheld terminal,14,236.01,3304.14,completed,completed
SO-003890,58,Thistledown Analytics Inc,APAC,2026-05-20,Pallet rack,16,435.79,6972.64,completed,completed
SO-003507,303,Blue Ridge Robotics Inc,APAC,2026-05-20,Tote bin,8,686.45,5491.60,completed,completed
SO-003906,2,Cedarcrest Logistics Ltd,LATAM,2026-05-20,Label printer,7,147.18,1030.26,completed,completed
SO-003835,106,Lakeshore Robotics Ltd,EMEA,2026-05-20,Conveyor belt,11,428.94,4718.34,cancelled,at_risk
SO-003479,155,Copperfield Ceramics SA,North America,2026-05-20,Tote bin,5,307.87,1539.35,completed,completed
SO-003848,203,Blue Ridge Logistics BV,APAC,2026-05-20,Pallet rack,24,433.40,10401.60,cancelled,at_risk
SO-003555,47,Kestrel Analytics GmbH,LATAM,2026-05-20,Conveyor belt,6,770.02,4620.12,cancelled,at_risk
SO-003755,1,Harbourline Logistics Ltd,EMEA,2026-05-20,Forklift battery,6,250.91,1505.46,completed,completed
SO-003531,249,Meridian Analytics Ltd,UK & Ireland,2026-05-20,Forklift battery,7,496.09,3472.63,cancelled,at_risk
SO-003432,101,Harbourline Robotics BV,EMEA,2026-05-20,Cold-chain container,8,372.77,2982.16,completed,completed
SO-003687,11,Sablewood Logistics GmbH,EMEA,2026-05-20,Weighing station,13,243.15,3160.95,cancelled,at_risk
SO-003795,1,Harbourline Logistics Ltd,EMEA,2026-05-20,Barcode scanner,21,783.18,16446.78,pending,at_risk
SO-003857,431,Sablewood Foods GmbH,EMEA,2026-05-20,Tote bin,8,81.15,649.20,completed,completed
SO-003627,1,Harbourline Logistics Ltd,EMEA,2026-05-20,Barcode scanner,3,585.17,1755.51,completed,completed
SO-003662,336,Marlowe Freight Inc,EMEA,2026-05-20,Strapping machine,13,290.87,3781.31,completed,completed
SO-003522,18,Thistledown Logistics SA,APAC,2026-05-20,Strapping machine,23,472.55,10868.65,completed,completed
SO-003753,480,Northwind Medical Inc,North America,2026-05-20,Barcode scanner,4,475.79,1903.16,completed,completed
SO-003863,1,Harbourline Logistics Ltd,EMEA,2026-05-20,Conveyor belt,14,184.37,2581.18,completed,completed
SO-003401,1,Harbourline Logistics Ltd,EMEA,2026-05-21,Conveyor belt,2,276.07,552.14,completed,completed
SO-003414,145,Summit Ceramics Ltd,North America,2026-05-21,Pallet rack,15,648.25,9723.75,cancelled,at_risk
SO-003820,453,Silverbrook Analytics BV,APAC,2026-05-21,Pallet rack,21,485.85,10202.85,cancelled,at_risk
SO-003438,27,Kestrel Foods Inc,LATAM,2026-05-21,Strapping machine,14,195.29,2734.06,completed,completed
SO-003851,60,Northwind Textiles Inc,North America,2026-05-21,Barcode scanner,2,20.76,41.52,cancelled,at_risk
SO-003481,262,Cedarcrest Textiles SA,LATAM,2026-05-21,Handheld terminal,7,749.64,5247.48,pending,at_risk
SO-003844,222,Cedarcrest Foods GmbH,LATAM,2026-05-21,Strapping machine,20,446.38,8927.60,pending,at_risk
SO-003600,3,Blue Ridge Logistics Ltd,APAC,2026-05-21,Cold-chain container,1,765.18,765.18,completed,completed
SO-003564,1,Harbourline Logistics Ltd,EMEA,2026-05-21,Strapping machine,15,702.32,10534.80,completed,completed
SO-003634,116,Marlowe Robotics GmbH,EMEA,2026-05-21,Strapping machine,10,150.10,1501.00,completed,completed
SO-003589,469,Meridian Textiles SA,UK & Ireland,2026-05-21,Weighing station,15,268.69,4030.35,completed,completed
SO-003544,172,Pinehurst Instruments BV,LATAM,2026-05-21,Cold-chain container,20,413.71,8274.20,pending,at_risk
SO-003552,62,Cedarcrest Textiles Inc,LATAM,2026-05-21,Safety cage,3,143.11,429.33,completed,completed
SO-003661,392,Pinehurst Chemicals GmbH,LATAM,2026-05-21,Tote bin,12,262.42,3149.04,completed,completed
SO-003877,68,Granite Textiles BV,APAC,2026-05-21,Conveyor belt,3,265.95,797.85,completed,completed
SO-003862,1,Harbourline Logistics Ltd,EMEA,2026-05-21,Pallet rack,13,518.94,6746.22,completed,completed
SO-003913,183,Blue Ridge Chemicals GmbH,APAC,2026-05-21,Tote bin,14,318.84,4463.76,completed,completed
SO-003895,71,Sablewood Textiles Ltd,EMEA,2026-05-21,Forklift battery,21,494.06,10375.26,completed,completed
SO-003908,1,Harbourline Logistics Ltd,EMEA,2026-05-21,Cold-chain container,9,443.00,3987.00,completed,completed
SO-003743,1,Harbourline Logistics Ltd,EMEA,2026-05-21,Weighing station,19,434.80,8261.20,completed,completed
SO-003583,5,Summit Logistics Ltd,North America,2026-05-21,Conveyor belt,9,141.10,1269.90,completed,completed
SO-003539,145,Summit Ceramics Ltd,North America,2026-05-21,Sorting arm,15,772.94,11594.10,pending,at_risk
SO-003777,51,Sablewood Analytics SA,EMEA,2026-05-21,Sorting arm,3,875.89,2627.67,completed,completed
SO-003536,227,Kestrel Foods SA,LATAM,2026-05-21,Strapping machine,12,426.69,5120.28,cancelled,at_risk
SO-003446,6,Lakeshore Logistics Ltd,EMEA,2026-05-21,Cold-chain container,22,828.47,18226.34,completed,completed
SO-003464,262,Cedarcrest Textiles SA,LATAM,2026-05-22,Dock leveller,15,55.28,829.20,cancelled,at_risk
SO-003655,3,Blue Ridge Logistics Ltd,APAC,2026-05-22,Barcode scanner,6,648.69,3892.14,completed,completed
SO-003860,1,Harbourline Logistics Ltd,EMEA,2026-05-22,Safety cage,11,491.51,5406.61,completed,completed
SO-003879,3,Blue Ridge Logistics Ltd,APAC,2026-05-22,Barcode scanner,5,546.02,2730.10,completed,completed
SO-003435,1,Harbourline Logistics Ltd,EMEA,2026-05-22,Weighing station,11,693.34,7626.74,pending,at_risk
SO-003861,22,Cedarcrest Foods Inc,LATAM,2026-05-22,Sorting arm,12,255.37,3064.44,cancelled,at_risk
SO-003494,413,Silverbrook Logistics BV,APAC,2026-05-22,Strapping machine,20,848.82,16976.40,pending,at_risk
SO-003542,359,Windermere Ceramics GmbH,UK & Ireland,2026-05-22,Label printer,18,365.66,6581.88,pending,at_risk
SO-003806,277,Ravensgate Textiles BV,LATAM,2026-05-22,Pallet rack,7,634.86,4444.02,completed,completed
SO-003525,93,Silverbrook Medical Inc,APAC,2026-05-22,Sorting arm,1,936.64,936.64,completed,completed
SO-003723,1,Harbourline Logistics Ltd,EMEA,2026-05-22,Conveyor belt,24,69.26,1662.24,completed,completed
SO-003744,62,Cedarcrest Textiles Inc,LATAM,2026-05-22,Dock leveller,20,360.74,7214.80,cancelled,at_risk
SO-003404,395,Copperfield Chemicals GmbH,North America,2026-05-22,Cold-chain container,5,815.55,4077.75,completed,completed
SO-003719,282,Cedarcrest Medical Ltd,LATAM,2026-05-22,Handheld terminal,20,248.91,4978.20,completed,completed
SO-003538,29,Meridian Foods BV,UK & Ireland,2026-05-22,Safety cage,14,656.75,9194.50,pending,at_risk
SO-003452,1,Harbourline Logistics Ltd,EMEA,2026-05-22,Strapping machine,3,817.31,2451.93,completed,completed
SO-003482,17,Ravensgate Logistics SA,LATAM,2026-05-22,Safety cage,8,232.17,1857.36,completed,completed
SO-003443,107,Kestrel Robotics Ltd,LATAM,2026-05-22,Conveyor belt,19,796.53,15134.07,cancelled,at_risk
SO-003766,420,Northwind Foods Ltd,North America,2026-05-22,Label printer,17,201.97,3433.49,completed,completed
SO-003619,122,Cedarcrest Freight SA,LATAM,2026-05-22,Tote bin,20,70.31,1406.20,completed,completed
SO-003868,1,Harbourline Logistics Ltd,EMEA,2026-05-22,Shrink wrapper,19,714.77,13580.63,cancelled,at_risk
SO-003916,191,Sablewood Chemicals SA,EMEA,2026-05-22,Safety cage,17,582.88,9908.96,completed,completed
SO-003902,46,Lakeshore Analytics GmbH,EMEA,2026-05-23,Safety cage,3,952.96,2858.88,pending,at_risk
SO-003816,103,Blue Ridge Robotics BV,APAC,2026-05-23,Strapping machine,17,853.78,14514.26,completed,completed
SO-003889,47,Kestrel Analytics GmbH,LATAM,2026-05-23,Sorting arm,15,773.52,11602.80,pending,at_risk
SO-003628,476,Marlowe Textiles Inc,EMEA,2026-05-23,Cold-chain container,4,709.87,2839.48,pending,at_risk
SO-003920,2,Cedarcrest Logistics Ltd,LATAM,2026-05-23,Label printer,21,875.96,18395.16,cancelled,at_risk
SO-003794,10,Foxglove Logistics GmbH,North America,2026-05-23,Label printer,20,725.65,14513.00,cancelled,at_risk
SO-003726,112,Pinehurst Robotics GmbH,LATAM,2026-05-23,Cold-chain container,2,748.00,1496.00,completed,completed
SO-003699,1,Harbourline Logistics Ltd,EMEA,2026-05-23,Forklift battery,25,420.11,10502.75,cancelled,at_risk
SO-003878,1,Harbourline Logistics Ltd,EMEA,2026-05-23,Label printer,4,523.37,2093.48,completed,completed
SO-003746,1,Harbourline Logistics Ltd,EMEA,2026-05-23,Strapping machine,22,861.47,18952.34,pending,at_risk
SO-003656,361,Harbourline Instruments GmbH,EMEA,2026-05-23,Cold-chain container,7,414.62,2902.34,completed,completed
SO-003681,4,Ironvale Logistics Ltd,UK & Ireland,2026-05-23,Conveyor belt,7,526.25,3683.75,completed,completed
SO-003730,406,Lakeshore Logistics Inc,EMEA,2026-05-23,Dock leveller,6,754.77,4528.62,completed,completed
SO-003431,230,Foxglove Foods SA,North America,2026-05-23,Barcode scanner,7,299.99,2099.93,completed,completed
SO-003683,15,Copperfield Logistics SA,North America,2026-05-23,Barcode scanner,9,82.78,745.02,completed,completed
SO-003591,209,Meridian Logistics BV,UK & Ireland,2026-05-23,Tote bin,17,219.54,3732.18,completed,completed
SO-003846,1,Harbourline Logistics Ltd,EMEA,2026-05-23,Safety cage,22,802.46,17654.12,completed,completed
SO-003584,58,Thistledown Analytics Inc,APAC,2026-05-23,Label printer,10,615.06,6150.60,cancelled,at_risk
SO-003745,1,Harbourline Logistics Ltd,EMEA,2026-05-23,Tote bin,21,449.76,9444.96,cancelled,at_risk
SO-003751,183,Blue Ridge Chemicals GmbH,APAC,2026-05-23,Conveyor belt,2,781.49,1562.98,cancelled,at_risk
SO-003506,12,Pinehurst Logistics GmbH,LATAM,2026-05-23,Dock leveller,7,267.62,1873.34,completed,completed
SO-003638,499,Windermere Medical GmbH,UK & Ireland,2026-05-23,Pallet rack,14,343.99,4815.86,completed,completed
SO-003469,56,Marlowe Analytics Inc,EMEA,2026-05-24,Sorting arm,20,444.99,8899.80,pending,at_risk
SO-003519,1,Harbourline Logistics Ltd,EMEA,2026-05-24,Weighing station,20,832.55,16651.00,cancelled,at_risk
SO-003884,1,Harbourline Logistics Ltd,EMEA,2026-05-24,Dock leveller,10,281.66,2816.60,cancelled,at_risk
SO-003710,1,Harbourline Logistics Ltd,EMEA,2026-05-24,Label printer,11,455.12,5006.32,pending,at_risk
SO-003599,461,Harbourline Textiles Ltd,EMEA,2026-05-24,Barcode scanner,25,476.28,11907.00,cancelled,at_risk
SO-003428,1,Harbourline Logistics Ltd,EMEA,2026-05-24,Pallet rack,4,115.54,462.16,completed,completed
SO-003732,36,Marlowe Foods Ltd,EMEA,2026-05-24,Strapping machine,8,510.84,4086.72,pending,at_risk
SO-003560,242,Cedarcrest Analytics BV,LATAM,2026-05-24,Shrink wrapper,11,300.28,3303.08,completed,completed
SO-003545,190,Foxglove Chemicals SA,North America,2026-05-24,Forklift battery,21,675.25,14180.25,cancelled,at_risk
SO-003630,67,Kestrel Textiles BV,LATAM,2026-05-24,Shrink wrapper,6,346.55,2079.30,completed,completed
SO-003698,143,Blue Ridge Ceramics Ltd,APAC,2026-05-24,Cold-chain container,24,691.15,16587.60,cancelled,at_risk
SO-003575,311,Sablewood Robotics BV,EMEA,2026-05-24,Weighing station,1,678.41,678.41,completed,completed
SO-003765,333,Silverbrook Freight SA,APAC,2026-05-24,Conveyor belt,16,518.96,8303.36,completed,completed
SO-003891,22,Cedarcrest Foods Inc,LATAM,2026-05-24,Conveyor belt,17,527.94,8974.98,pending,at_risk
SO-003782,17,Ravensgate Logistics SA,LATAM,2026-05-24,Cold-chain container,8,647.88,5183.04,pending,at_risk
SO-003901,8,Granite Logistics GmbH,APAC,2026-05-24,Handheld terminal,2,589.19,1178.38,completed,completed
SO-003728,34,Alderway Foods BV,UK & Ireland,2026-05-24,Shrink wrapper,4,27.81,111.24,completed,completed
SO-003894,8,Granite Logistics GmbH,APAC,2026-05-24,Cold-chain container,20,754.04,15080.80,pending,at_risk
SO-003558,31,Sablewood Foods BV,EMEA,2026-05-24,Cold-chain container,9,576.58,5189.22,pending,at_risk
SO-003717,8,Granite Logistics GmbH,APAC,2026-05-24,Tote bin,18,554.88,9987.84,completed,completed
SO-003569,63,Blue Ridge Textiles BV,APAC,2026-05-25,Conveyor belt,20,839.76,16795.20,pending,at_risk
SO-003495,262,Cedarcrest Textiles SA,LATAM,2026-05-25,Handheld terminal,21,868.83,18245.43,completed,completed
SO-003484,53,Silverbrook Analytics SA,APAC,2026-05-25,Pallet rack,10,914.80,9148.00,pending,at_risk
SO-003573,2,Cedarcrest Logistics Ltd,LATAM,2026-05-25,Forklift battery,24,607.47,14579.28,pending,at_risk
SO-003807,50,Foxglove Analytics SA,North America,2026-05-25,Conveyor belt,8,931.99,7455.92,completed,completed
SO-003563,138,Thistledown Freight BV,APAC,2026-05-25,Tote bin,14,224.41,3141.74,pending,at_risk
SO-003449,1,Harbourline Logistics Ltd,EMEA,2026-05-25,Weighing station,25,271.79,6794.75,completed,completed
SO-003631,27,Kestrel Foods Inc,LATAM,2026-05-25,Weighing station,7,194.60,1362.20,completed,completed
SO-003849,15,Copperfield Logistics SA,North America,2026-05-25,Conveyor belt,25,180.90,4522.50,completed,completed
SO-003886,34,Alderway Foods BV,UK & Ireland,2026-05-25,Strapping machine,12,800.39,9604.68,pending,at_risk
SO-003448,2,Cedarcrest Logistics Ltd,LATAM,2026-05-25,Shrink wrapper,24,37.33,895.92,completed,completed
SO-003598,394,Alderway Chemicals GmbH,UK & Ireland,2026-05-25,Label printer,24,780.00,18720.00,pending,at_risk
SO-003780,1,Harbourline Logistics Ltd,EMEA,2026-05-25,Label printer,6,916.20,5497.20,completed,completed
SO-003727,99,Windermere Medical BV,UK & Ireland,2026-05-26,Forklift battery,3,485.91,1457.73,completed,completed
SO-003465,76,Marlowe Textiles Ltd,EMEA,2026-05-26,Tote bin,16,592.50,9480.00,completed,completed
SO-003767,1,Harbourline Logistics Ltd,EMEA,2026-05-26,Barcode scanner,18,680.06,12241.08,cancelled,at_risk
SO-003676,468,Granite Textiles GmbH,APAC,2026-05-26,Strapping machine,2,146.63,293.26,completed,completed
SO-003684,132,Pinehurst Freight Inc,LATAM,2026-05-26,Cold-chain container,10,84.67,846.70,cancelled,at_risk
SO-003509,353,Silverbrook Ceramics Ltd,APAC,2026-05-26,Handheld terminal,10,455.37,4553.70,completed,completed
SO-003618,37,Ravensgate Foods Ltd,LATAM,2026-05-26,Dock leveller,19,41.61,790.59,pending,at_risk
SO-003582,35,Copperfield Foods Ltd,North America,2026-05-26,Pallet rack,8,939.25,7514.00,completed,completed
SO-003829,62,Cedarcrest Textiles Inc,LATAM,2026-05-26,Tote bin,5,243.05,1215.25,completed,completed
SO-003774,442,Cedarcrest Analytics Inc,LATAM,2026-05-26,Strapping machine,25,583.43,14585.75,pending,at_risk
SO-003883,1,Harbourline Logistics Ltd,EMEA,2026-05-26,Weighing station,9,497.12,4474.08,completed,completed
SO-003696,2,Cedarcrest Logistics Ltd,LATAM,2026-05-26,Label printer,22,575.43,12659.46,pending,at_risk
SO-003613,46,Lakeshore Analytics GmbH,EMEA,2026-05-26,Barcode scanner,14,19.45,272.30,completed,completed
SO-003784,32,Pinehurst Foods BV,LATAM,2026-05-27,Shrink wrapper,10,727.45,7274.50,cancelled,at_risk
SO-003741,388,Granite Chemicals Ltd,APAC,2026-05-27,Forklift battery,17,755.89,12850.13,pending,at_risk
SO-003805,4,Ironvale Logistics Ltd,UK & Ireland,2026-05-27,Sorting arm,6,339.51,2037.06,completed,completed
SO-003651,2,Cedarcrest Logistics Ltd,LATAM,2026-05-27,Sorting arm,2,709.89,1419.78,completed,completed
SO-003786,25,Summit Foods Inc,North America,2026-05-27,Dock leveller,12,50.50,606.00,completed,completed
SO-003802,408,Granite Logistics Inc,APAC,2026-05-27,Strapping machine,3,198.28,594.84,completed,completed
SO-003919,62,Cedarcrest Textiles Inc,LATAM,2026-05-27,Conveyor belt,20,671.76,13435.20,cancelled,at_risk
SO-003565,104,Ironvale Robotics BV,UK & Ireland,2026-05-27,Handheld terminal,16,462.70,7403.20,completed,completed
SO-003867,1,Harbourline Logistics Ltd,EMEA,2026-05-27,Forklift battery,18,956.68,17220.24,pending,at_risk
SO-003742,15,Copperfield Logistics SA,North America,2026-05-27,Shrink wrapper,18,361.27,6502.86,cancelled,at_risk
SO-003471,2,Cedarcrest Logistics Ltd,LATAM,2026-05-27,Conveyor belt,22,37.59,826.98,completed,completed
SO-003574,103,Blue Ridge Robotics BV,APAC,2026-05-27,Shrink wrapper,25,600.18,15004.50,cancelled,at_risk
SO-003854,21,Harbourline Foods Inc,EMEA,2026-05-27,Shrink wrapper,5,53.96,269.80,completed,completed
SO-003882,2,Cedarcrest Logistics Ltd,LATAM,2026-05-27,Shrink wrapper,8,224.39,1795.12,pending,at_risk
SO-003754,127,Kestrel Freight Inc,LATAM,2026-05-27,Cold-chain container,5,825.57,4127.85,cancelled,at_risk
SO-003561,109,Meridian Robotics Ltd,UK & Ireland,2026-05-27,Weighing station,12,433.44,5201.28,cancelled,at_risk
SO-003776,1,Harbourline Logistics Ltd,EMEA,2026-05-27,Safety cage,2,788.90,1577.80,completed,completed
SO-003706,1,Harbourline Logistics Ltd,EMEA,2026-05-28,Safety cage,7,644.15,4509.05,completed,completed
SO-003826,147,Kestrel Ceramics GmbH,LATAM,2026-05-28,Shrink wrapper,2,655.04,1310.08,completed,completed
SO-003426,3,Blue Ridge Logistics Ltd,APAC,2026-05-28,Safety cage,2,739.98,1479.96,completed,completed
SO-003893,197,Ravensgate Chemicals Inc,LATAM,2026-05-28,Barcode scanner,19,161.66,3071.54,completed,completed
SO-003773,350,Foxglove Ceramics Ltd,North America,2026-05-28,Tote bin,24,634.88,15237.12,completed,completed
SO-003451,159,Windermere Ceramics SA,UK & Ireland,2026-05-28,Tote bin,2,340.86,681.72,completed,completed
SO-003675,445,Summit Analytics Inc,North America,2026-05-28,Tote bin,1,164.63,164.63,completed,completed
SO-003667,181,Harbourline Chemicals Ltd,EMEA,2026-05-28,Conveyor belt,18,549.03,9882.54,pending,at_risk
SO-003420,132,Pinehurst Freight Inc,LATAM,2026-05-28,Shrink wrapper,21,644.08,13525.68,cancelled,at_risk
SO-004222,16,Marlowe Logistics SA,EMEA,2026-06-01,Dock leveller,3,534.41,1603.23,completed,completed
SO-004255,455,Copperfield Analytics Ltd,North America,2026-06-01,Sorting arm,11,675.50,7430.50,completed,completed
SO-004455,267,Kestrel Textiles Inc,LATAM,2026-06-01,Barcode scanner,11,404.43,4448.73,completed,completed
SO-004104,377,Ravensgate Instruments Inc,LATAM,2026-06-01,Label printer,10,913.03,9130.30,completed,completed
SO-004397,248,Granite Analytics Ltd,APAC,2026-06-01,Conveyor belt,3,443.48,1330.44,completed,completed
SO-004459,1,Harbourline Logistics Ltd,EMEA,2026-06-01,Weighing station,15,119.17,1787.55,completed,completed
SO-004437,32,Pinehurst Foods BV,LATAM,2026-06-01,Sorting arm,18,347.81,6260.58,cancelled,at_risk
SO-004323,79,Windermere Textiles GmbH,UK & Ireland,2026-06-01,Handheld terminal,4,537.32,2149.28,completed,completed
SO-004449,32,Pinehurst Foods BV,LATAM,2026-06-01,Handheld terminal,5,781.45,3907.25,pending,at_risk
SO-004527,177,Ravensgate Instruments Ltd,LATAM,2026-06-01,Forklift battery,8,586.86,4694.88,pending,at_risk
SO-004072,182,Cedarcrest Chemicals GmbH,LATAM,2026-06-01,Safety cage,3,828.86,2486.58,pending,at_risk
SO-003996,239,Windermere Foods BV,UK & Ireland,2026-06-01,Shrink wrapper,2,683.15,1366.30,completed,completed
SO-004147,294,Alderway Medical SA,UK & Ireland,2026-06-01,Barcode scanner,3,157.27,471.81,completed,completed
SO-004196,298,Thistledown Medical SA,APAC,2026-06-01,Strapping machine,2,871.74,1743.48,completed,completed
SO-004048,9,Meridian Logistics GmbH,UK & Ireland,2026-06-01,Label printer,4,371.96,1487.84,completed,completed
SO-003940,36,Marlowe Foods Ltd,EMEA,2026-06-01,Shrink wrapper,21,127.88,2685.48,completed,completed
SO-004267,1,Harbourline Logistics Ltd,EMEA,2026-06-01,Handheld terminal,23,805.68,18530.64,pending,at_risk
SO-004480,343,Blue Ridge Ceramics BV,APAC,2026-06-01,Pallet rack,11,147.80,1625.80,pending,at_risk
SO-004140,390,Foxglove Chemicals Ltd,North America,2026-06-01,Strapping machine,21,91.96,1931.16,completed,completed
SO-004302,33,Silverbrook Foods BV,APAC,2026-06-02,Cold-chain container,8,28.36,226.88,completed,completed
SO-004421,218,Thistledown Logistics GmbH,APAC,2026-06-02,Handheld terminal,2,675.53,1351.06,completed,completed
SO-004110,130,Foxglove Freight Inc,North America,2026-06-02,Dock leveller,16,120.91,1934.56,cancelled,at_risk
SO-003949,48,Granite Analytics GmbH,APAC,2026-06-02,Conveyor belt,5,93.01,465.05,completed,completed
SO-003980,35,Copperfield Foods Ltd,North America,2026-06-02,Cold-chain container,11,764.54,8409.94,cancelled,at_risk
SO-004278,318,Thistledown Robotics Ltd,APAC,2026-06-02,Dock leveller,9,718.28,6464.52,cancelled,at_risk
SO-004402,73,Silverbrook Textiles Ltd,APAC,2026-06-02,Shrink wrapper,8,602.76,4822.08,completed,completed
SO-004068,8,Granite Logistics GmbH,APAC,2026-06-02,Dock leveller,24,636.87,15284.88,completed,completed
SO-003946,11,Sablewood Logistics GmbH,EMEA,2026-06-02,Safety cage,2,659.85,1319.70,cancelled,at_risk
SO-004100,1,Harbourline Logistics Ltd,EMEA,2026-06-02,Safety cage,6,61.60,369.60,completed,completed
SO-004286,1,Harbourline Logistics Ltd,EMEA,2026-06-02,Label printer,17,432.59,7354.03,pending,at_risk
SO-004526,223,Blue Ridge Foods GmbH,APAC,2026-06-02,Cold-chain container,7,809.75,5668.25,pending,at_risk
SO-004205,27,Kestrel Foods Inc,LATAM,2026-06-02,Forklift battery,11,119.07,1309.77,completed,completed
SO-004288,25,Summit Foods Inc,North America,2026-06-02,Cold-chain container,19,264.39,5023.41,completed,completed
SO-004211,19,Windermere Logistics SA,UK & Ireland,2026-06-02,Handheld terminal,17,181.13,3079.21,completed,completed
SO-004188,46,Lakeshore Analytics GmbH,EMEA,2026-06-02,Label printer,19,112.17,2131.23,completed,completed
SO-004045,121,Harbourline Freight SA,EMEA,2026-06-02,Sorting arm,1,119.63,119.63,completed,completed
SO-004099,15,Copperfield Logistics SA,North America,2026-06-02,Handheld terminal,5,762.62,3813.10,completed,completed
SO-004515,290,Foxglove Medical GmbH,North America,2026-06-02,Weighing station,21,475.11,9977.31,completed,completed
SO-004381,3,Blue Ridge Logistics Ltd,APAC,2026-06-02,Sorting arm,12,434.11,5209.32,completed,completed
SO-003937,361,Harbourline Instruments GmbH,EMEA,2026-06-02,Barcode scanner,18,812.14,14618.52,completed,completed
SO-004089,225,Summit Foods SA,North America,2026-06-02,Conveyor belt,20,96.89,1937.80,completed,completed
SO-004427,2,Cedarcrest Logistics Ltd,LATAM,2026-06-03,Barcode scanner,8,239.35,1914.80,completed,completed
SO-004008,104,Ironvale Robotics BV,UK & Ireland,2026-06-03,Cold-chain container,14,94.77,1326.78,completed,completed
SO-004435,1,Harbourline Logistics Ltd,EMEA,2026-06-03,Handheld terminal,16,809.60,12953.60,cancelled,at_risk
SO-004272,1,Harbourline Logistics Ltd,EMEA,2026-06-03,Label printer,3,872.62,2617.86,completed,completed
SO-004077,109,Meridian Robotics Ltd,UK & Ireland,2026-06-03,Barcode scanner,8,257.09,2056.72,completed,completed
SO-004076,19,Windermere Logistics SA,UK & Ireland,2026-06-03,Label printer,7,139.32,975.24,completed,completed
SO-004269,230,Foxglove Foods SA,North America,2026-06-03,Sorting arm,25,567.13,14178.25,cancelled,at_risk
SO-004037,273,Silverbrook Textiles BV,APAC,2026-06-03,Forklift battery,18,548.99,9881.82,cancelled,at_risk
SO-004252,2,Cedarcrest Logistics Ltd,LATAM,2026-06-03,Strapping machine,8,750.25,6002.00,completed,completed
SO-004362,11,Sablewood Logistics GmbH,EMEA,2026-06-03,Dock leveller,18,638.84,11499.12,cancelled,at_risk
SO-004237,38,Thistledown Foods Ltd,APAC,2026-06-03,Tote bin,18,345.83,6224.94,pending,at_risk
SO-003930,22,Cedarcrest Foods Inc,LATAM,2026-06-03,Strapping machine,11,564.85,6213.35,pending,at_risk
SO-004127,155,Copperfield Ceramics SA,North America,2026-06-03,Handheld terminal,8,945.64,7565.12,cancelled,at_risk
SO-003977,183,Blue Ridge Chemicals GmbH,APAC,2026-06-03,Conveyor belt,8,426.58,3412.64,pending,at_risk
SO-004243,5,Summit Logistics Ltd,North America,2026-06-03,Conveyor belt,24,765.54,18372.96,pending,at_risk
SO-004191,146,Lakeshore Ceramics Ltd,EMEA,2026-06-03,Forklift battery,22,478.03,10516.66,cancelled,at_risk
SO-004310,15,Copperfield Logistics SA,North America,2026-06-03,Safety cage,16,560.59,8969.44,cancelled,at_risk
SO-004249,14,Alderway Logistics SA,UK & Ireland,2026-06-03,Weighing station,5,875.92,4379.60,completed,completed
SO-004145,41,Harbourline Analytics Ltd,EMEA,2026-06-03,Conveyor belt,1,22.78,22.78,completed,completed
SO-004356,55,Copperfield Analytics SA,North America,2026-06-03,Label printer,12,439.63,5275.56,completed,completed
SO-004417,28,Granite Foods BV,APAC,2026-06-03,Weighing station,23,459.68,10572.64,cancelled,at_risk
SO-004283,3,Blue Ridge Logistics Ltd,APAC,2026-06-03,Sorting arm,14,358.18,5014.52,completed,completed
SO-004217,83,Blue Ridge Medical GmbH,APAC,2026-06-03,Barcode scanner,23,675.05,15526.15,cancelled,at_risk
SO-004289,27,Kestrel Foods Inc,LATAM,2026-06-03,Forklift battery,20,682.75,13655.00,pending,at_risk
SO-004270,97,Ravensgate Medical Inc,LATAM,2026-06-03,Pallet rack,1,356.50,356.50,completed,completed
SO-004330,1,Harbourline Logistics Ltd,EMEA,2026-06-03,Cold-chain container,11,660.81,7268.91,completed,completed
SO-004395,7,Kestrel Logistics GmbH,LATAM,2026-06-04,Sorting arm,1,494.58,494.58,completed,completed
SO-004109,107,Kestrel Robotics Ltd,LATAM,2026-06-04,Weighing station,15,481.04,7215.60,completed,completed
SO-004429,8,Granite Logistics GmbH,APAC,2026-06-04,Forklift battery,10,595.89,5958.90,completed,completed
SO-004444,207,Kestrel Logistics BV,LATAM,2026-06-04,Shrink wrapper,25,75.99,1899.75,completed,completed
SO-004204,8,Granite Logistics GmbH,APAC,2026-06-04,Cold-chain container,10,263.50,2635.00,completed,completed
SO-003956,444,Ironvale Analytics Inc,UK & Ireland,2026-06-04,Dock leveller,12,418.43,5021.16,completed,completed
SO-004096,9,Meridian Logistics GmbH,UK & Ireland,2026-06-04,Dock leveller,2,171.60,343.20,completed,completed
SO-004439,1,Harbourline Logistics Ltd,EMEA,2026-06-04,Conveyor belt,20,695.90,13918.00,pending,at_risk
SO-004130,221,Harbourline Foods GmbH,EMEA,2026-06-04,Pallet rack,11,549.77,6047.47,completed,completed
SO-004038,50,Foxglove Analytics SA,North America,2026-06-04,Shrink wrapper,19,584.44,11104.36,pending,at_risk
SO-004320,32,Pinehurst Foods BV,LATAM,2026-06-04,Dock leveller,1,265.84,265.84,completed,completed
SO-004517,1,Harbourline Logistics Ltd,EMEA,2026-06-04,Tote bin,23,595.88,13705.24,completed,completed
SO-004120,164,Ironvale Instruments Inc,UK & Ireland,2026-06-04,Cold-chain container,1,322.85,322.85,completed,completed
SO-004241,389,Meridian Chemicals Ltd,UK & Ireland,2026-06-04,Sorting arm,22,884.61,19461.42,completed,completed
SO-003988,5,Summit Logistics Ltd,North America,2026-06-04,Safety cage,19,307.33,5839.27,completed,completed
SO-004012,77,Ravensgate Textiles GmbH,LATAM,2026-06-04,Dock leveller,18,812.36,14622.48,pending,at_risk
SO-004263,44,Ironvale Analytics GmbH,UK & Ireland,2026-06-04,Weighing station,19,360.17,6843.23,completed,completed
SO-004373,168,Granite Instruments BV,APAC,2026-06-04,Forklift battery,4,548.33,2193.32,completed,completed
SO-004279,19,Windermere Logistics SA,UK & Ireland,2026-06-05,Tote bin,10,347.40,3474.00,completed,completed
SO-004410,14,Alderway Logistics SA,UK & Ireland,2026-06-05,Pallet rack,16,730.75,11692.00,completed,completed
SO-004010,4,Ironvale Logistics Ltd,UK & Ireland,2026-06-05,Shrink wrapper,16,257.59,4121.44,pending,at_risk
SO-004340,4,Ironvale Logistics Ltd,UK & Ireland,2026-06-05,Pallet rack,21,529.82,11126.22,cancelled,at_risk
SO-004229,198,Thistledown Chemicals Inc,APAC,2026-06-05,Conveyor belt,10,904.45,9044.50,pending,at_risk
SO-004170,4,Ironvale Logistics Ltd,UK & Ireland,2026-06-05,Safety cage,1,41.31,41.31,completed,completed
SO-004000,1,Harbourline Logistics Ltd,EMEA,2026-06-05,Strapping machine,6,223.56,1341.36,completed,completed
SO-004498,284,Ironvale Medical Ltd,UK & Ireland,2026-06-05,Cold-chain container,4,206.68,826.72,completed,completed
SO-004210,91,Sablewood Medical Inc,EMEA,2026-06-05,Strapping machine,16,34.19,547.04,completed,completed
SO-004304,71,Sablewood Textiles Ltd,EMEA,2026-06-05,Shrink wrapper,10,525.62,5256.20,pending,at_risk
SO-004033,134,Alderway Freight BV,UK & Ireland,2026-06-05,Conveyor belt,14,367.37,5143.18,completed,completed
SO-003926,330,Foxglove Freight SA,North America,2026-06-05,Shrink wrapper,7,661.24,4628.68,completed,completed
SO-004380,150,Foxglove Ceramics GmbH,North America,2026-06-05,Safety cage,11,480.73,5288.03,pending,at_risk
SO-004183,194,Alderway Chemicals SA,UK & Ireland,2026-06-05,Handheld terminal,14,519.10,7267.40,completed,completed
SO-004030,89,Meridian Medical SA,UK & Ireland,2026-06-05,Safety cage,11,360.17,3961.87,completed,completed
SO-004470,209,Meridian Logistics BV,UK & Ireland,2026-06-05,Cold-chain container,1,302.24,302.24,completed,completed
SO-004324,426,Lakeshore Foods Ltd,EMEA,2026-06-06,Safety cage,5,334.77,1673.85,completed,completed
SO-004354,27,Kestrel Foods Inc,LATAM,2026-06-06,Pallet rack,10,640.68,6406.80,pending,at_risk
SO-004108,103,Blue Ridge Robotics BV,APAC,2026-06-06,Shrink wrapper,14,25.07,350.98,completed,completed
SO-004007,82,Cedarcrest Medical GmbH,LATAM,2026-06-06,Barcode scanner,13,610.78,7940.14,cancelled,at_risk
SO-004431,280,Northwind Medical Ltd,North America,2026-06-06,Weighing station,12,60.50,726.00,completed,completed
SO-004495,15,Copperfield Logistics SA,North America,2026-06-06,Conveyor belt,1,509.99,509.99,completed,completed
SO-004350,1,Harbourline Logistics Ltd,EMEA,2026-06-06,Strapping machine,6,502.06,3012.36,completed,completed
SO-004176,100,Northwind Robotics BV,North America,2026-06-06,Cold-chain container,7,45.93,321.51,completed,completed
SO-003959,34,Alderway Foods BV,UK & Ireland,2026-06-06,Handheld terminal,15,746.52,11197.80,pending,at_risk
SO-003991,463,Blue Ridge Textiles GmbH,APAC,2026-06-06,Conveyor belt,22,530.73,11676.06,pending,at_risk
SO-004456,51,Sablewood Analytics SA,EMEA,2026-06-06,Cold-chain container,12,885.81,10629.72,completed,completed
SO-003964,78,Thistledown Textiles GmbH,APAC,2026-06-06,Label printer,20,812.30,16246.00,completed,completed
SO-004103,2,Cedarcrest Logistics Ltd,LATAM,2026-06-06,Conveyor belt,9,689.88,6208.92,cancelled,at_risk
SO-004046,2,Cedarcrest Logistics Ltd,LATAM,2026-06-06,Pallet rack,2,232.66,465.32,completed,completed
SO-004162,496,Marlowe Medical Ltd,EMEA,2026-06-06,Cold-chain container,18,507.33,9131.94,cancelled,at_risk
SO-004349,130,Foxglove Freight Inc,North America,2026-06-06,Tote bin,5,435.79,2178.95,completed,completed
SO-003935,30,Foxglove Foods BV,North America,2026-06-06,Conveyor belt,16,771.55,12344.80,pending,at_risk
SO-004506,420,Northwind Foods Ltd,North America,2026-06-06,Safety cage,12,546.77,6561.24,completed,completed
SO-003944,194,Alderway Chemicals SA,UK & Ireland,2026-06-06,Strapping machine,25,811.60,20290.00,completed,completed
SO-003921,158,Thistledown Ceramics SA,APAC,2026-06-06,Conveyor belt,2,495.21,990.42,completed,completed
SO-004155,463,Blue Ridge Textiles GmbH,APAC,2026-06-06,Handheld terminal,11,813.22,8945.42,completed,completed
SO-004220,1,Harbourline Logistics Ltd,EMEA,2026-06-06,Shrink wrapper,1,881.93,881.93,completed,completed
SO-004094,80,Northwind Medical GmbH,North America,2026-06-07,Shrink wrapper,25,927.01,23175.25,pending,at_risk
SO-004114,260,Northwind Textiles SA,North America,2026-06-07,Safety cage,20,955.09,19101.80,cancelled,at_risk
SO-004490,72,Pinehurst Textiles Ltd,LATAM,2026-06-07,Strapping machine,21,486.13,10208.73,pending,at_risk
SO-004112,2,Cedarcrest Logistics Ltd,LATAM,2026-06-07,Strapping machine,18,313.79,5648.22,completed,completed
SO-004461,414,Alderway Logistics BV,UK & Ireland,2026-06-07,Tote bin,17,262.51,4462.67,completed,completed
SO-004011,36,Marlowe Foods Ltd,EMEA,2026-06-07,Weighing station,17,828.36,14082.12,cancelled,at_risk
SO-004201,110,Foxglove Robotics Ltd,North America,2026-06-07,Conveyor belt,7,558.37,3908.59,completed,completed
SO-004485,90,Foxglove Medical SA,North America,2026-06-07,Forklift battery,16,112.70,1803.20,completed,completed
SO-004091,1,Harbourline Logistics Ltd,EMEA,2026-06-07,Barcode scanner,22,708.72,15591.84,pending,at_risk
SO-004274,21,Harbourline Foods Inc,EMEA,2026-06-07,Cold-chain container,5,371.12,1855.60,cancelled,at_risk
SO-004392,385,Summit Chemicals Ltd,North America,2026-06-07,Strapping machine,23,395.92,9106.16,completed,completed
SO-004246,4,Ironvale Logistics Ltd,UK & Ireland,2026-06-07,Cold-chain container,2,867.34,1734.68,completed,completed
SO-003976,6,Lakeshore Logistics Ltd,EMEA,2026-06-07,Pallet rack,7,132.47,927.29,completed,completed
SO-004471,202,Cedarcrest Logistics Inc,LATAM,2026-06-07,Forklift battery,2,785.71,1571.42,completed,completed
SO-004401,158,Thistledown Ceramics SA,APAC,2026-06-07,Forklift battery,7,929.00,6503.00,completed,completed
SO-003923,451,Sablewood Analytics BV,EMEA,2026-06-07,Barcode scanner,4,427.46,1709.84,completed,completed
SO-004443,1,Harbourline Logistics Ltd,EMEA,2026-06-07,Forklift battery,24,430.67,10336.08,cancelled,at_risk
SO-003972,1,Harbourline Logistics Ltd,EMEA,2026-06-07,Strapping machine,3,624.76,1874.28,completed,completed
SO-004242,2,Cedarcrest Logistics Ltd,LATAM,2026-06-07,Pallet rack,23,115.30,2651.90,completed,completed
SO-004501,19,Windermere Logistics SA,UK & Ireland,2026-06-07,Weighing station,7,936.40,6554.80,completed,completed
SO-004377,59,Windermere Analytics Inc,UK & Ireland,2026-06-08,Tote bin,8,500.89,4007.12,completed,completed
SO-004014,63,Blue Ridge Textiles BV,APAC,2026-06-08,Strapping machine,20,345.25,6905.00,completed,completed
SO-004438,8,Granite Logistics GmbH,APAC,2026-06-08,Pallet rack,19,279.33,5307.27,completed,completed
SO-004233,1,Harbourline Logistics Ltd,EMEA,2026-06-08,Forklift battery,14,532.75,7458.50,completed,completed
SO-003968,22,Cedarcrest Foods Inc,LATAM,2026-06-08,Shrink wrapper,24,182.02,4368.48,cancelled,at_risk
SO-004036,57,Ravensgate Analytics Inc,LATAM,2026-06-08,Cold-chain container,17,826.70,14053.90,completed,completed
SO-004358,58,Thistledown Analytics Inc,APAC,2026-06-08,Cold-chain container,14,799.03,11186.42,cancelled,at_risk
SO-004475,25,Summit Foods Inc,North America,2026-06-08,Tote bin,6,573.78,3442.68,completed,completed
SO-004061,54,Alderway Analytics SA,UK & Ireland,2026-06-08,Conveyor belt,17,445.93,7580.81,completed,completed
SO-004370,2,Cedarcrest Logistics Ltd,LATAM,2026-06-08,Label printer,1,572.90,572.90,completed,completed
SO-004405,2,Cedarcrest Logistics Ltd,LATAM,2026-06-08,Tote bin,11,268.22,2950.42,pending,at_risk
SO-004064,358,Thistledown Ceramics GmbH,APAC,2026-06-08,Cold-chain container,20,608.39,12167.80,pending,at_risk
SO-004338,417,Ravensgate Logistics BV,LATAM,2026-06-08,Safety cage,19,823.28,15642.32,pending,at_risk
SO-004060,46,Lakeshore Analytics GmbH,EMEA,2026-06-08,Pallet rack,16,743.88,11902.08,pending,at_risk
SO-004041,193,Silverbrook Chemicals SA,APAC,2026-06-08,Tote bin,22,587.51,12925.22,completed,completed
SO-004409,1,Harbourline Logistics Ltd,EMEA,2026-06-08,Sorting arm,15,646.48,9697.20,completed,completed
SO-004236,319,Windermere Robotics Ltd,UK & Ireland,2026-06-09,Dock leveller,17,582.52,9902.84,cancelled,at_risk
SO-004067,3,Blue Ridge Logistics Ltd,APAC,2026-06-09,Weighing station,23,124.29,2858.67,completed,completed
SO-004520,326,Lakeshore Freight GmbH,EMEA,2026-06-09,Safety cage,1,332.25,332.25,completed,completed
SO-004452,1,Harbourline Logistics Ltd,EMEA,2026-06-09,Pallet rack,8,196.01,1568.08,completed,completed
SO-003947,30,Foxglove Foods BV,North America,2026-06-09,Sorting arm,3,43.09,129.27,completed,completed
SO-004314,466,Lakeshore Textiles GmbH,EMEA,2026-06-09,Label printer,20,760.71,15214.20,pending,at_risk
SO-003967,1,Harbourline Logistics Ltd,EMEA,2026-06-09,Forklift battery,23,832.23,19141.29,completed,completed
SO-004226,325,Summit Freight GmbH,North America,2026-06-09,Safety cage,7,630.16,4411.12,completed,completed
SO-004022,2,Cedarcrest Logistics Ltd,LATAM,2026-06-09,Cold-chain container,3,165.96,497.88,completed,completed
SO-004119,25,Summit Foods Inc,North America,2026-06-09,Barcode scanner,25,742.82,18570.50,pending,at_risk
SO-004172,9,Meridian Logistics GmbH,UK & Ireland,2026-06-09,Pallet rack,3,914.19,2742.57,cancelled,at_risk
SO-004216,14,Alderway Logistics SA,UK & Ireland,2026-06-09,Label printer,22,553.83,12184.26,completed,completed
SO-004298,3,Blue Ridge Logistics Ltd,APAC,2026-06-09,Pallet rack,4,560.63,2242.52,completed,completed
SO-003962,24,Ironvale Foods Inc,UK & Ireland,2026-06-09,Pallet rack,18,401.02,7218.36,completed,completed
SO-003939,165,Summit Instruments Inc,North America,2026-06-09,Forklift battery,20,575.42,11508.40,completed,completed
SO-004214,57,Ravensgate Analytics Inc,LATAM,2026-06-09,Pallet rack,20,66.06,1321.20,pending,at_risk
SO-004454,101,Harbourline Robotics BV,EMEA,2026-06-09,Label printer,10,205.64,2056.40,completed,completed
SO-004491,116,Marlowe Robotics GmbH,EMEA,2026-06-09,Handheld terminal,22,920.07,20241.54,cancelled,at_risk
SO-004366,3,Blue Ridge Logistics Ltd,APAC,2026-06-09,Safety cage,22,437.22,9618.84,pending,at_risk
SO-004073,2,Cedarcrest Logistics Ltd,LATAM,2026-06-09,Sorting arm,4,196.73,786.92,completed,completed
SO-004159,106,Lakeshore Robotics Ltd,EMEA,2026-06-10,Conveyor belt,15,877.58,13163.70,completed,completed
SO-003998,343,Blue Ridge Ceramics BV,APAC,2026-06-10,Dock leveller,4,603.60,2414.40,completed,completed
SO-004394,11,Sablewood Logistics GmbH,EMEA,2026-06-10,Safety cage,25,184.16,4604.00,completed,completed
SO-003951,184,Ironvale Chemicals GmbH,UK & Ireland,2026-06-10,Barcode scanner,7,814.82,5703.74,completed,completed
SO-004505,105,Summit Robotics Ltd,North America,2026-06-10,Handheld terminal,11,67.82,746.02,completed,completed
SO-004185,491,Sablewood Medical Ltd,EMEA,2026-06-10,Sorting arm,16,196.43,3142.88,completed,completed
SO-004023,231,Sablewood Foods Inc,EMEA,2026-06-10,Forklift battery,4,524.86,2099.44,completed,completed
SO-004284,1,Harbourline Logistics Ltd,EMEA,2026-06-10,Pallet rack,15,657.20,9858.00,cancelled,at_risk
SO-004299,82,Cedarcrest Medical GmbH,LATAM,2026-06-10,Conveyor belt,5,563.63,2818.15,completed,completed
SO-004404,261,Harbourline Textiles SA,EMEA,2026-06-10,Dock leveller,10,188.12,1881.20,completed,completed
SO-004416,29,Meridian Foods BV,UK & Ireland,2026-06-10,Shrink wrapper,22,605.71,13325.62,completed,completed
SO-004511,64,Ironvale Textiles BV,UK & Ireland,2026-06-10,Barcode scanner,17,305.09,5186.53,completed,completed
SO-004190,61,Harbourline Textiles Inc,EMEA,2026-06-10,Cold-chain container,21,897.36,18844.56,completed,completed
SO-004487,38,Thistledown Foods Ltd,APAC,2026-06-10,Weighing station,18,467.19,8409.42,completed,completed
SO-004383,351,Sablewood Ceramics Ltd,EMEA,2026-06-10,Conveyor belt,14,718.80,10063.20,completed,completed
SO-003960,175,Copperfield Instruments Ltd,North America,2026-06-10,Safety cage,16,289.93,4638.88,completed,completed
SO-004256,2,Cedarcrest Logistics Ltd,LATAM,2026-06-10,Pallet rack,12,148.66,1783.92,completed,completed
SO-003974,73,Silverbrook Textiles Ltd,APAC,2026-06-10,Safety cage,5,127.71,638.55,completed,completed
SO-004018,463,Blue Ridge Textiles GmbH,APAC,2026-06-10,Pallet rack,24,99.78,2394.72,completed,completed
SO-004004,20,Northwind Foods SA,North America,2026-06-10,Pallet rack,10,695.67,6956.70,completed,completed
SO-004329,25,Summit Foods Inc,North America,2026-06-10,Barcode scanner,10,455.87,4558.70,pending,at_risk
SO-004387,438,Thistledown Foods SA,APAC,2026-06-10,Forklift battery,18,564.60,10162.80,completed,completed
SO-004460,342,Cedarcrest Ceramics Inc,LATAM,2026-06-10,Dock leveller,16,120.83,1933.28,cancelled,at_risk
SO-004313,1,Harbourline Logistics Ltd,EMEA,2026-06-10,Conveyor belt,19,787.81,14968.39,completed,completed
SO-004231,106,Lakeshore Robotics Ltd,EMEA,2026-06-10,Barcode scanner,12,748.62,8983.44,pending,at_risk
SO-004292,16,Marlowe Logistics SA,EMEA,2026-06-10,Dock leveller,23,520.43,11969.89,cancelled,at_risk
SO-004348,163,Blue Ridge Instruments Inc,APAC,2026-06-11,Dock leveller,4,738.11,2952.44,completed,completed
SO-003983,66,Lakeshore Textiles BV,EMEA,2026-06-11,Weighing station,14,557.20,7800.80,completed,completed
SO-004079,35,Copperfield Foods Ltd,North America,2026-06-11,Forklift battery,10,657.13,6571.30,pending,at_risk
SO-004180,70,Foxglove Textiles Ltd,North America,2026-06-11,Dock leveller,11,535.13,5886.43,completed,completed
SO-004523,224,Ironvale Foods SA,UK & Ireland,2026-06-11,Conveyor belt,4,74.29,297.16,completed,completed
SO-004290,17,Ravensgate Logistics SA,LATAM,2026-06-11,Shrink wrapper,21,702.62,14755.02,pending,at_risk
SO-004174,47,Kestrel Analytics GmbH,LATAM,2026-06-11,Label printer,5,517.69,2588.45,completed,completed
SO-003933,309,Meridian Robotics BV,UK & Ireland,2026-06-11,Sorting arm,14,164.09,2297.26,completed,completed
SO-004244,54,Alderway Analytics SA,UK & Ireland,2026-06-11,Label printer,25,606.75,15168.75,pending,at_risk
SO-004483,189,Meridian Chemicals SA,UK & Ireland,2026-06-11,Barcode scanner,14,223.63,3130.82,completed,completed
SO-004507,350,Foxglove Ceramics Ltd,North America,2026-06-11,Sorting arm,13,324.63,4220.19,cancelled,at_risk
SO-004156,3,Blue Ridge Logistics Ltd,APAC,2026-06-11,Safety cage,12,111.22,1334.64,pending,at_risk
SO-004457,451,Sablewood Analytics BV,EMEA,2026-06-11,Forklift battery,13,448.22,5826.86,completed,completed
SO-004218,105,Summit Robotics Ltd,North America,2026-06-11,Cold-chain container,24,229.88,5517.12,completed,completed
SO-004528,275,Copperfield Textiles BV,North America,2026-06-11,Shrink wrapper,9,800.46,7204.14,completed,completed
SO-004339,55,Copperfield Analytics SA,North America,2026-06-11,Sorting arm,20,546.72,10934.40,cancelled,at_risk
SO-004276,32,Pinehurst Foods BV,LATAM,2026-06-11,Shrink wrapper,7,309.68,2167.76,completed,completed
SO-004346,1,Harbourline Logistics Ltd,EMEA,2026-06-11,Shrink wrapper,2,899.58,1799.16,completed,completed
SO-003979,133,Silverbrook Freight BV,APAC,2026-06-11,Barcode scanner,10,783.98,7839.80,completed,completed
SO-004407,59,Windermere Analytics Inc,UK & Ireland,2026-06-11,Handheld terminal,13,773.56,10056.28,completed,completed
SO-004433,1,Harbourline Logistics Ltd,EMEA,2026-06-11,Tote bin,14,481.32,6738.48,completed,completed
SO-004525,1,Harbourline Logistics Ltd,EMEA,2026-06-11,Barcode scanner,6,618.98,3713.88,completed,completed
SO-004448,7,Kestrel Logistics GmbH,LATAM,2026-06-11,Strapping machine,4,657.03,2628.12,completed,completed
SO-004446,90,Foxglove Medical SA,North America,2026-06-11,Dock leveller,2,138.04,276.08,completed,completed
SO-004359,316,Marlowe Robotics Ltd,EMEA,2026-06-11,Forklift battery,15,24.42,366.30,completed,completed
SO-004482,439,Windermere Foods SA,UK & Ireland,2026-06-11,Label printer,13,854.99,11114.87,pending,at_risk
SO-004510,480,Northwind Medical Inc,North America,2026-06-11,Label printer,16,715.29,11444.64,completed,completed
SO-004368,247,Kestrel Analytics Ltd,LATAM,2026-06-11,Pallet rack,24,78.07,1873.68,completed,completed
SO-004015,5,Summit Logistics Ltd,North America,2026-06-11,Handheld terminal,21,55.33,1161.93,completed,completed
SO-004164,9,Meridian Logistics GmbH,UK & Ireland,2026-06-11,Shrink wrapper,20,399.59,7991.80,cancelled,at_risk
SO-004260,219,Windermere Logistics GmbH,UK & Ireland,2026-06-11,Cold-chain container,16,789.50,12632.00,completed,completed
SO-004393,2,Cedarcrest Logistics Ltd,LATAM,2026-06-11,Handheld terminal,24,647.52,15540.48,pending,at_risk
SO-004227,144,Ironvale Ceramics Ltd,UK & Ireland,2026-06-11,Sorting arm,8,942.20,7537.60,pending,at_risk
SO-004426,140,Northwind Ceramics Ltd,North America,2026-06-12,Label printer,7,715.87,5011.09,pending,at_risk
SO-004142,93,Silverbrook Medical Inc,APAC,2026-06-12,Safety cage,23,422.18,9710.14,completed,completed
SO-004054,52,Pinehurst Analytics SA,LATAM,2026-06-12,Dock leveller,10,601.02,6010.20,completed,completed
SO-004005,89,Meridian Medical SA,UK & Ireland,2026-06-12,Conveyor belt,11,315.67,3472.37,completed,completed
SO-004251,60,Northwind Textiles Inc,North America,2026-06-12,Tote bin,7,799.05,5593.35,completed,completed
SO-004070,1,Harbourline Logistics Ltd,EMEA,2026-06-12,Strapping machine,1,799.19,799.19,completed,completed
SO-003922,6,Lakeshore Logistics Ltd,EMEA,2026-06-12,Label printer,3,809.67,2429.01,completed,completed
SO-004266,114,Alderway Robotics GmbH,UK & Ireland,2026-06-12,Strapping machine,22,352.93,7764.46,completed,completed
SO-004044,359,Windermere Ceramics GmbH,UK & Ireland,2026-06-12,Safety cage,25,25.63,640.75,completed,completed
SO-004363,34,Alderway Foods BV,UK & Ireland,2026-06-12,Tote bin,19,868.87,16508.53,completed,completed
SO-004434,1,Harbourline Logistics Ltd,EMEA,2026-06-12,Strapping machine,15,579.41,8691.15,completed,completed
SO-004458,1,Harbourline Logistics Ltd,EMEA,2026-06-12,Shrink wrapper,14,92.89,1300.46,completed,completed
SO-004332,18,Thistledown Logistics SA,APAC,2026-06-12,Shrink wrapper,13,268.91,3495.83,completed,completed
SO-004372,7,Kestrel Logistics GmbH,LATAM,2026-06-12,Cold-chain container,3,295.63,886.89,completed,completed
SO-004153,1,Harbourline Logistics Ltd,EMEA,2026-06-12,Tote bin,9,206.94,1862.46,completed,completed
SO-003999,1,Harbourline Logistics Ltd,EMEA,2026-06-12,Tote bin,5,329.80,1649.00,completed,completed
SO-004502,342,Cedarcrest Ceramics Inc,LATAM,2026-06-12,Dock leveller,8,766.03,6128.24,completed,completed
SO-004516,253,Silverbrook Analytics GmbH,APAC,2026-06-12,Dock leveller,22,309.54,6809.88,completed,completed
SO-003955,22,Cedarcrest Foods Inc,LATAM,2026-06-12,Weighing station,11,801.22,8813.42,pending,at_risk
SO-004132,22,Cedarcrest Foods Inc,LATAM,2026-06-12,Label printer,13,838.28,10897.64,completed,completed
SO-004271,1,Harbourline Logistics Ltd,EMEA,2026-06-12,Conveyor belt,2,686.47,1372.94,completed,completed
SO-004499,1,Harbourline Logistics Ltd,EMEA,2026-06-12,Forklift battery,5,949.76,4748.80,completed,completed
SO-004158,1,Harbourline Logistics Ltd,EMEA,2026-06-12,Pallet rack,14,878.83,12303.62,completed,completed
SO-004152,1,Harbourline Logistics Ltd,EMEA,2026-06-12,Dock leveller,8,213.84,1710.72,completed,completed
SO-004032,26,Lakeshore Foods Inc,EMEA,2026-06-12,Pallet rack,13,726.63,9446.19,completed,completed
SO-004441,2,Cedarcrest Logistics Ltd,LATAM,2026-06-12,Barcode scanner,22,351.04,7722.88,pending,at_risk
SO-003969,354,Alderway Ceramics Ltd,UK & Ireland,2026-06-13,Weighing station,25,833.88,20847.00,completed,completed
SO-004171,1,Harbourline Logistics Ltd,EMEA,2026-06-13,Sorting arm,2,774.78,1549.56,completed,completed
SO-004028,1,Harbourline Logistics Ltd,EMEA,2026-06-13,Strapping machine,9,822.19,7399.71,completed,completed
SO-003954,236,Marlowe Foods Inc,EMEA,2026-06-13,Shrink wrapper,10,847.11,8471.10,cancelled,at_risk
SO-004481,9,Meridian Logistics GmbH,UK & Ireland,2026-06-13,Conveyor belt,12,143.71,1724.52,completed,completed
SO-003945,437,Ravensgate Foods SA,LATAM,2026-06-13,Handheld terminal,1,518.29,518.29,completed,completed
SO-004360,316,Marlowe Robotics Ltd,EMEA,2026-06-13,Shrink wrapper,16,486.17,7778.72,completed,completed
SO-004312,4,Ironvale Logistics Ltd,UK & Ireland,2026-06-13,Pallet rack,18,533.42,9601.56,pending,at_risk
SO-004043,330,Foxglove Freight SA,North America,2026-06-13,Handheld terminal,24,277.24,6653.76,completed,completed
SO-004225,21,Harbourline Foods Inc,EMEA,2026-06-13,Handheld terminal,6,591.85,3551.10,completed,completed
SO-004207,193,Silverbrook Chemicals SA,APAC,2026-06-13,Weighing station,13,737.19,9583.47,completed,completed
SO-004087,30,Foxglove Foods BV,North America,2026-06-13,Sorting arm,18,291.31,5243.58,completed,completed
SO-004194,23,Blue Ridge Foods Inc,APAC,2026-06-13,Dock leveller,25,249.34,6233.50,completed,completed
SO-004508,295,Copperfield Medical SA,North America,2026-06-13,Pallet rack,14,245.59,3438.26,completed,completed
SO-004328,11,Sablewood Logistics GmbH,EMEA,2026-06-13,Label printer,9,417.23,3755.07,completed,completed
SO-004296,261,Harbourline Textiles SA,EMEA,2026-06-13,Safety cage,2,681.86,1363.72,completed,completed
SO-004287,1,Harbourline Logistics Ltd,EMEA,2026-06-13,Barcode scanner,18,205.06,3691.08,pending,at_risk
SO-003975,451,Sablewood Analytics BV,EMEA,2026-06-13,Sorting arm,6,370.75,2224.50,pending,at_risk
SO-004224,224,Ironvale Foods SA,UK & Ireland,2026-06-14,Strapping machine,5,699.67,3498.35,completed,completed
SO-004436,2,Cedarcrest Logistics Ltd,LATAM,2026-06-14,Safety cage,17,186.39,3168.63,completed,completed
SO-003928,120,Northwind Freight SA,North America,2026-06-14,Dock leveller,9,237.85,2140.65,completed,completed
SO-004113,1,Harbourline Logistics Ltd,EMEA,2026-06-14,Handheld terminal,19,164.06,3117.14,completed,completed
SO-004128,102,Cedarcrest Robotics BV,LATAM,2026-06-14,Safety cage,9,131.60,1184.40,pending,at_risk
SO-004253,219,Windermere Logistics GmbH,UK & Ireland,2026-06-14,Handheld terminal,9,552.25,4970.25,cancelled,at_risk
SO-004090,29,Meridian Foods BV,UK & Ireland,2026-06-14,Label printer,21,506.40,10634.40,cancelled,at_risk
SO-004001,5,Summit Logistics Ltd,North America,2026-06-14,Handheld terminal,7,617.65,4323.55,completed,completed
SO-004518,250,Foxglove Analytics Ltd,North America,2026-06-14,Strapping machine,24,332.29,7974.96,pending,at_risk
SO-003985,280,Northwind Medical Ltd,North America,2026-06-14,Tote bin,16,947.70,15163.20,pending,at_risk
SO-004415,41,Harbourline Analytics Ltd,EMEA,2026-06-14,Forklift battery,21,139.62,2932.02,completed,completed
SO-004317,318,Thistledown Robotics Ltd,APAC,2026-06-14,Forklift battery,23,54.53,1254.19,completed,completed
SO-004494,49,Meridian Analytics SA,UK & Ireland,2026-06-14,Pallet rack,25,474.97,11874.25,completed,completed
SO-004309,100,Northwind Robotics BV,North America,2026-06-14,Handheld terminal,15,114.34,1715.10,completed,completed
SO-004465,403,Blue Ridge Logistics SA,APAC,2026-06-14,Sorting arm,21,127.95,2686.95,completed,completed
SO-004086,129,Meridian Freight Inc,UK & Ireland,2026-06-14,Safety cage,17,87.03,1479.51,completed,completed
SO-004209,127,Kestrel Freight Inc,LATAM,2026-06-14,Tote bin,15,206.87,3103.05,completed,completed
SO-003982,126,Lakeshore Freight Inc,EMEA,2026-06-14,Shrink wrapper,13,556.34,7232.42,completed,completed
SO-004293,150,Foxglove Ceramics GmbH,North America,2026-06-14,Tote bin,24,609.40,14625.60,pending,at_risk
SO-004300,1,Harbourline Logistics Ltd,EMEA,2026-06-15,Label printer,6,504.66,3027.96,completed,completed
SO-004374,1,Harbourline Logistics Ltd,EMEA,2026-06-15,Shrink wrapper,5,875.05,4375.25,completed,completed
SO-004331,15,Copperfield Logistics SA,North America,2026-06-15,Forklift battery,12,149.61,1795.32,completed,completed
SO-004117,1,Harbourline Logistics Ltd,EMEA,2026-06-15,Conveyor belt,23,851.83,19592.09,cancelled,at_risk
SO-004085,3,Blue Ridge Logistics Ltd,APAC,2026-06-15,Handheld terminal,16,156.06,2496.96,completed,completed
SO-004453,227,Kestrel Foods SA,LATAM,2026-06-15,Conveyor belt,9,491.76,4425.84,completed,completed
SO-004364,77,Ravensgate Textiles GmbH,LATAM,2026-06-15,Strapping machine,20,348.57,6971.40,completed,completed
SO-004042,1,Harbourline Logistics Ltd,EMEA,2026-06-15,Strapping machine,23,424.66,9767.18,pending,at_risk
SO-004027,42,Cedarcrest Analytics GmbH,LATAM,2026-06-15,Tote bin,8,376.51,3012.08,completed,completed
SO-004357,3,Blue Ridge Logistics Ltd,APAC,2026-06-15,Barcode scanner,13,259.23,3369.99,completed,completed
SO-004450,227,Kestrel Foods SA,LATAM,2026-06-15,Safety cage,6,636.95,3821.70,completed,completed
SO-004053,208,Granite Logistics BV,APAC,2026-06-15,Weighing station,9,424.95,3824.55,completed,completed
SO-004333,3,Blue Ridge Logistics Ltd,APAC,2026-06-15,Weighing station,14,519.81,7277.34,pending,at_risk
SO-004232,73,Silverbrook Textiles Ltd,APAC,2026-06-15,Cold-chain container,13,927.46,12056.98,completed,completed
SO-004150,150,Foxglove Ceramics GmbH,North America,2026-06-15,Shrink wrapper,6,388.24,2329.44,completed,completed
SO-004213,42,Cedarcrest Analytics GmbH,LATAM,2026-06-15,Sorting arm,19,359.91,6838.29,completed,completed
SO-003997,84,Ironvale Medical SA,UK & Ireland,2026-06-15,Weighing station,3,416.75,1250.25,completed,completed
SO-003942,498,Thistledown Medical GmbH,APAC,2026-06-15,Dock leveller,23,302.00,6946.00,pending,at_risk
SO-004398,340,Northwind Ceramics Inc,North America,2026-06-15,Label printer,4,829.08,3316.32,completed,completed
SO-004215,4,Ironvale Logistics Ltd,UK & Ireland,2026-06-16,Conveyor belt,21,446.44,9375.24,pending,at_risk
SO-004522,1,Harbourline Logistics Ltd,EMEA,2026-06-16,Pallet rack,3,858.51,2575.53,completed,completed
SO-004473,1,Harbourline Logistics Ltd,EMEA,2026-06-16,Weighing station,4,325.92,1303.68,completed,completed
SO-004479,6,Lakeshore Logistics Ltd,EMEA,2026-06-16,Sorting arm,10,252.49,2524.90,completed,completed
SO-004035,168,Granite Instruments BV,APAC,2026-06-16,Barcode scanner,16,279.48,4471.68,completed,completed
SO-003993,426,Lakeshore Foods Ltd,EMEA,2026-06-16,Barcode scanner,24,557.39,13377.36,completed,completed
SO-004002,1,Harbourline Logistics Ltd,EMEA,2026-06-16,Safety cage,8,289.34,2314.72,completed,completed
SO-004315,97,Ravensgate Medical Inc,LATAM,2026-06-16,Barcode scanner,21,874.81,18371.01,completed,completed
SO-004419,56,Marlowe Analytics Inc,EMEA,2026-06-16,Tote bin,25,168.33,4208.25,completed,completed
SO-004463,178,Thistledown Instruments Ltd,APAC,2026-06-16,Handheld terminal,19,318.50,6051.50,cancelled,at_risk
SO-004277,148,Granite Ceramics GmbH,APAC,2026-06-16,Weighing station,8,644.89,5159.12,completed,completed
SO-004133,20,Northwind Foods SA,North America,2026-06-16,Barcode scanner,14,143.01,2002.14,cancelled,at_risk
SO-004025,110,Foxglove Robotics Ltd,North America,2026-06-16,Weighing station,6,779.16,4674.96,completed,completed
SO-004316,247,Kestrel Analytics Ltd,LATAM,2026-06-16,Cold-chain container,22,533.74,11742.28,cancelled,at_risk
SO-004082,1,Harbourline Logistics Ltd,EMEA,2026-06-16,Dock leveller,13,207.50,2697.50,completed,completed
SO-004467,122,Cedarcrest Freight SA,LATAM,2026-06-16,Conveyor belt,23,833.30,19165.90,cancelled,at_risk
SO-004148,1,Harbourline Logistics Ltd,EMEA,2026-06-16,Cold-chain container,4,341.23,1364.92,completed,completed
SO-004466,17,Ravensgate Logistics SA,LATAM,2026-06-16,Pallet rack,22,659.97,14519.34,completed,completed
SO-003957,206,Lakeshore Logistics BV,EMEA,2026-06-16,Tote bin,13,54.16,704.08,completed,completed
SO-004445,17,Ravensgate Logistics SA,LATAM,2026-06-16,Weighing station,1,545.31,545.31,completed,completed
SO-004049,158,Thistledown Ceramics SA,APAC,2026-06-16,Barcode scanner,5,363.08,1815.40,completed,completed
SO-004308,190,Foxglove Chemicals SA,North America,2026-06-16,Strapping machine,14,197.57,2765.98,completed,completed
SO-004512,8,Granite Logistics GmbH,APAC,2026-06-16,Cold-chain container,18,772.64,13907.52,completed,completed
SO-004093,393,Silverbrook Chemicals GmbH,APAC,2026-06-16,Forklift battery,24,43.53,1044.72,completed,completed
SO-004335,140,Northwind Ceramics Ltd,North America,2026-06-16,Tote bin,16,857.08,13713.28,pending,at_risk
SO-003941,21,Harbourline Foods Inc,EMEA,2026-06-16,Weighing station,22,37.96,835.12,completed,completed
SO-004497,78,Thistledown Textiles GmbH,APAC,2026-06-16,Barcode scanner,3,106.30,318.90,completed,completed
SO-004131,20,Northwind Foods SA,North America,2026-06-17,Conveyor belt,12,304.52,3654.24,completed,completed
SO-004161,17,Ravensgate Logistics SA,LATAM,2026-06-17,Barcode scanner,17,808.30,13741.10,pending,at_risk
SO-004334,351,Sablewood Ceramics Ltd,EMEA,2026-06-17,Dock leveller,15,429.70,6445.50,cancelled,at_risk
SO-004178,354,Alderway Ceramics Ltd,UK & Ireland,2026-06-17,Shrink wrapper,9,940.67,8466.03,cancelled,at_risk
SO-004248,348,Granite Ceramics BV,APAC,2026-06-17,Shrink wrapper,4,767.88,3071.52,completed,completed
SO-004376,272,Pinehurst Textiles Inc,LATAM,2026-06-17,Dock leveller,7,383.32,2683.24,completed,completed
SO-003931,485,Summit Medical BV,North America,2026-06-17,Handheld terminal,12,540.42,6485.04,completed,completed
SO-004488,1,Harbourline Logistics Ltd,EMEA,2026-06-17,Dock leveller,19,295.83,5620.77,pending,at_risk
SO-004440,7,Kestrel Logistics GmbH,LATAM,2026-06-17,Label printer,21,776.10,16298.10,pending,at_risk
SO-004375,78,Thistledown Textiles GmbH,APAC,2026-06-17,Weighing station,6,497.60,2985.60,completed,completed
SO-004468,50,Foxglove Analytics SA,North America,2026-06-17,Label printer,24,840.46,20171.04,cancelled,at_risk
SO-004151,1,Harbourline Logistics Ltd,EMEA,2026-06-17,Weighing station,7,542.02,3794.14,completed,completed
SO-004223,1,Harbourline Logistics Ltd,EMEA,2026-06-17,Tote bin,4,218.49,873.96,completed,completed
SO-004273,170,Foxglove Instruments BV,North America,2026-06-17,Barcode scanner,4,154.33,617.32,completed,completed
SO-004326,379,Windermere Instruments BV,UK & Ireland,2026-06-17,Pallet rack,7,530.15,3711.05,completed,completed
SO-004199,13,Silverbrook Logistics GmbH,APAC,2026-06-17,Sorting arm,5,774.78,3873.90,pending,at_risk
SO-004144,415,Copperfield Logistics BV,North America,2026-06-17,Pallet rack,25,352.18,8804.50,completed,completed
SO-004013,133,Silverbrook Freight BV,APAC,2026-06-17,Tote bin,19,361.96,6877.24,cancelled,at_risk
SO-004034,496,Marlowe Medical Ltd,EMEA,2026-06-17,Label printer,15,666.92,10003.80,pending,at_risk
SO-004295,110,Foxglove Robotics Ltd,North America,2026-06-17,Handheld terminal,1,172.31,172.31,completed,completed
SO-004322,93,Silverbrook Medical Inc,APAC,2026-06-17,Strapping machine,3,778.18,2334.54,completed,completed
SO-003995,134,Alderway Freight BV,UK & Ireland,2026-06-17,Forklift battery,1,467.19,467.19,completed,completed
SO-004017,42,Cedarcrest Analytics GmbH,LATAM,2026-06-17,Sorting arm,23,453.83,10438.09,pending,at_risk
SO-004325,364,Ironvale Instruments SA,UK & Ireland,2026-06-17,Sorting arm,6,156.90,941.40,completed,completed
SO-004163,1,Harbourline Logistics Ltd,EMEA,2026-06-18,Forklift battery,19,913.23,17351.37,cancelled,at_risk
SO-004125,17,Ravensgate Logistics SA,LATAM,2026-06-18,Tote bin,6,511.62,3069.72,pending,at_risk
SO-004168,3,Blue Ridge Logistics Ltd,APAC,2026-06-18,Strapping machine,24,523.63,12567.12,completed,completed
SO-004476,431,Sablewood Foods GmbH,EMEA,2026-06-18,Strapping machine,7,745.24,5216.68,completed,completed
SO-004206,98,Thistledown Medical BV,APAC,2026-06-18,Shrink wrapper,12,622.09,7465.08,completed,completed
SO-004182,154,Alderway Ceramics SA,UK & Ireland,2026-06-18,Strapping machine,13,811.63,10551.19,completed,completed
SO-004135,246,Lakeshore Analytics Ltd,EMEA,2026-06-18,Forklift battery,16,875.47,14007.52,cancelled,at_risk
SO-003932,4,Ironvale Logistics Ltd,UK & Ireland,2026-06-18,Safety cage,13,494.60,6429.80,cancelled,at_risk
SO-004173,1,Harbourline Logistics Ltd,EMEA,2026-06-18,Conveyor belt,4,797.17,3188.68,completed,completed
SO-004412,114,Alderway Robotics GmbH,UK & Ireland,2026-06-18,Label printer,18,98.42,1771.56,completed,completed
SO-004477,6,Lakeshore Logistics Ltd,EMEA,2026-06-18,Handheld terminal,8,231.15,1849.20,completed,completed
SO-004250,51,Sablewood Analytics SA,EMEA,2026-06-18,Dock leveller,6,323.62,1941.72,completed,completed
SO-004261,439,Windermere Foods SA,UK & Ireland,2026-06-18,Forklift battery,17,523.55,8900.35,pending,at_risk
SO-004399,7,Kestrel Logistics GmbH,LATAM,2026-06-18,Barcode scanner,5,342.03,1710.15,completed,completed
SO-004319,2,Cedarcrest Logistics Ltd,LATAM,2026-06-18,Weighing station,25,380.32,9508.00,pending,at_risk
SO-004160,11,Sablewood Logistics GmbH,EMEA,2026-06-18,Label printer,16,366.64,5866.24,completed,completed
SO-004478,1,Harbourline Logistics Ltd,EMEA,2026-06-18,Safety cage,9,349.30,3143.70,completed,completed
SO-004062,1,Harbourline Logistics Ltd,EMEA,2026-06-18,Label printer,18,742.79,13370.22,completed,completed
SO-004400,83,Blue Ridge Medical GmbH,APAC,2026-06-18,Cold-chain container,6,280.83,1684.98,completed,completed
SO-004106,87,Kestrel Medical SA,LATAM,2026-06-18,Cold-chain container,12,813.51,9762.12,pending,at_risk
SO-003971,7,Kestrel Logistics GmbH,LATAM,2026-06-18,Tote bin,2,94.59,189.18,completed,completed
SO-004240,5,Summit Logistics Ltd,North America,2026-06-18,Safety cage,21,871.75,18306.75,pending,at_risk
SO-004136,45,Summit Analytics GmbH,North America,2026-06-18,Shrink wrapper,17,793.42,13488.14,pending,at_risk
SO-004177,25,Summit Foods Inc,North America,2026-06-18,Forklift battery,8,915.95,7327.60,completed,completed
SO-004264,61,Harbourline Textiles Inc,EMEA,2026-06-18,Dock leveller,20,376.19,7523.80,pending,at_risk
SO-004247,478,Thistledown Textiles Inc,APAC,2026-06-19,Forklift battery,3,154.87,464.61,completed,completed
SO-003961,11,Sablewood Logistics GmbH,EMEA,2026-06-19,Sorting arm,17,926.93,15757.81,completed,completed
SO-004107,12,Pinehurst Logistics GmbH,LATAM,2026-06-19,Forklift battery,13,216.19,2810.47,pending,at_risk
SO-004059,1,Harbourline Logistics Ltd,EMEA,2026-06-19,Sorting arm,15,597.57,8963.55,completed,completed
SO-004503,360,Northwind Instruments GmbH,North America,2026-06-19,Tote bin,9,577.19,5194.71,completed,completed
SO-004124,67,Kestrel Textiles BV,LATAM,2026-06-19,Dock leveller,5,382.51,1912.55,completed,completed
SO-004123,6,Lakeshore Logistics Ltd,EMEA,2026-06-19,Weighing station,4,899.21,3596.84,cancelled,at_risk
SO-003989,183,Blue Ridge Chemicals GmbH,APAC,2026-06-19,Sorting arm,20,876.10,17522.00,pending,at_risk
SO-004105,7,Kestrel Logistics GmbH,LATAM,2026-06-19,Barcode scanner,11,842.37,9266.07,pending,at_risk
SO-004138,106,Lakeshore Robotics Ltd,EMEA,2026-06-19,Dock leveller,19,167.79,3188.01,completed,completed
SO-004385,130,Foxglove Freight Inc,North America,2026-06-19,Barcode scanner,16,186.18,2978.88,completed,completed
SO-004235,2,Cedarcrest Logistics Ltd,LATAM,2026-06-19,Weighing station,16,551.61,8825.76,cancelled,at_risk
SO-004301,4,Ironvale Logistics Ltd,UK & Ireland,2026-06-19,Barcode scanner,7,141.07,987.49,completed,completed
SO-003929,149,Meridian Ceramics GmbH,UK & Ireland,2026-06-19,Tote bin,10,900.55,9005.50,completed,completed
SO-004513,5,Summit Logistics Ltd,North America,2026-06-19,Forklift battery,19,297.03,5643.57,completed,completed
SO-004529,187,Kestrel Chemicals GmbH,LATAM,2026-06-19,Weighing station,10,738.29,7382.90,cancelled,at_risk
SO-004365,280,Northwind Medical Ltd,North America,2026-06-19,Handheld terminal,21,274.94,5773.74,pending,at_risk
SO-004026,1,Harbourline Logistics Ltd,EMEA,2026-06-19,Dock leveller,7,407.38,2851.66,pending,at_risk
SO-003987,23,Blue Ridge Foods Inc,APAC,2026-06-19,Handheld terminal,18,760.68,13692.24,completed,completed
SO-004336,54,Alderway Analytics SA,UK & Ireland,2026-06-19,Strapping machine,17,597.52,10157.84,completed,completed
SO-004003,1,Harbourline Logistics Ltd,EMEA,2026-06-19,Sorting arm,9,588.90,5300.10,completed,completed
SO-003948,43,Blue Ridge Analytics GmbH,APAC,2026-06-19,Pallet rack,4,694.29,2777.16,completed,completed
SO-004396,97,Ravensgate Medical Inc,LATAM,2026-06-19,Pallet rack,2,942.81,1885.62,pending,at_risk
SO-003990,437,Ravensgate Foods SA,LATAM,2026-06-19,Pallet rack,21,704.64,14797.44,completed,completed
SO-004504,17,Ravensgate Logistics SA,LATAM,2026-06-19,Strapping machine,10,503.77,5037.70,cancelled,at_risk
SO-004345,235,Copperfield Foods Inc,North America,2026-06-19,Forklift battery,1,929.78,929.78,completed,completed
SO-004327,414,Alderway Logistics BV,UK & Ireland,2026-06-19,Conveyor belt,8,379.74,3037.92,completed,completed
SO-004379,124,Ironvale Freight SA,UK & Ireland,2026-06-20,Handheld terminal,10,44.34,443.40,completed,completed
SO-003986,464,Ironvale Textiles GmbH,UK & Ireland,2026-06-20,Strapping machine,17,124.65,2119.05,completed,completed
SO-003973,78,Thistledown Textiles GmbH,APAC,2026-06-20,Handheld terminal,4,495.80,1983.20,completed,completed
SO-004280,77,Ravensgate Textiles GmbH,LATAM,2026-06-20,Strapping machine,11,107.57,1183.27,pending,at_risk
SO-004134,349,Meridian Ceramics BV,UK & Ireland,2026-06-20,Cold-chain container,15,380.32,5704.80,completed,completed
SO-003925,12,Pinehurst Logistics GmbH,LATAM,2026-06-20,Forklift battery,6,620.11,3720.66,completed,completed
SO-004195,426,Lakeshore Foods Ltd,EMEA,2026-06-20,Tote bin,1,707.82,707.82,completed,completed
SO-004187,21,Harbourline Foods Inc,EMEA,2026-06-20,Conveyor belt,18,780.74,14053.32,cancelled,at_risk
SO-004080,41,Harbourline Analytics Ltd,EMEA,2026-06-20,Shrink wrapper,11,99.95,1099.45,completed,completed
SO-004367,5,Summit Logistics Ltd,North America,2026-06-20,Sorting arm,23,18.33,421.59,cancelled,at_risk
SO-004492,230,Foxglove Foods SA,North America,2026-06-20,Safety cage,23,170.03,3910.69,completed,completed
SO-004337,100,Northwind Robotics BV,North America,2026-06-20,Handheld terminal,18,243.70,4386.60,completed,completed
SO-004040,49,Meridian Analytics SA,UK & Ireland,2026-06-20,Dock leveller,21,909.36,19096.56,cancelled,at_risk
SO-003934,62,Cedarcrest Textiles Inc,LATAM,2026-06-20,Pallet rack,15,581.43,8721.45,cancelled,at_risk
SO-004197,82,Cedarcrest Medical GmbH,LATAM,2026-06-20,Handheld terminal,3,358.82,1076.46,completed,completed
SO-003981,16,Marlowe Logistics SA,EMEA,2026-06-20,Forklift battery,12,678.85,8146.20,cancelled,at_risk
SO-004282,86,Lakeshore Medical SA,EMEA,2026-06-20,Safety cage,13,943.50,12265.50,completed,completed
SO-004050,1,Harbourline Logistics Ltd,EMEA,2026-06-20,Cold-chain container,6,547.46,3284.76,completed,completed
SO-003966,296,Marlowe Medical SA,EMEA,2026-06-21,Cold-chain container,22,787.63,17327.86,cancelled,at_risk
SO-004524,235,Copperfield Foods Inc,North America,2026-06-21,Label printer,5,677.78,3388.90,completed,completed
SO-003970,2,Cedarcrest Logistics Ltd,LATAM,2026-06-21,Dock leveller,1,160.27,160.27,completed,completed
SO-004403,246,Lakeshore Analytics Ltd,EMEA,2026-06-21,Weighing station,9,201.67,1815.03,completed,completed
SO-004344,38,Thistledown Foods Ltd,APAC,2026-06-21,Cold-chain container,25,761.97,19049.25,completed,completed
SO-004088,4,Ironvale Logistics Ltd,UK & Ireland,2026-06-21,Pallet rack,19,536.43,10192.17,cancelled,at_risk
SO-004268,93,Silverbrook Medical Inc,APAC,2026-06-21,Safety cage,24,601.61,14438.64,completed,completed
SO-004486,394,Alderway Chemicals GmbH,UK & Ireland,2026-06-21,Shrink wrapper,17,813.31,13826.27,cancelled,at_risk
SO-004167,459,Windermere Analytics Ltd,UK & Ireland,2026-06-21,Tote bin,23,597.56,13743.88,pending,at_risk
SO-004388,415,Copperfield Logistics BV,North America,2026-06-21,Shrink wrapper,19,869.29,16516.51,completed,completed
SO-003994,21,Harbourline Foods Inc,EMEA,2026-06-21,Cold-chain container,25,900.10,22502.50,completed,completed
SO-004071,186,Lakeshore Chemicals GmbH,EMEA,2026-06-21,Handheld terminal,2,515.42,1030.84,pending,at_risk
SO-004341,236,Marlowe Foods Inc,EMEA,2026-06-21,Conveyor belt,22,692.68,15238.96,completed,completed
SO-004411,132,Pinehurst Freight Inc,LATAM,2026-06-21,Conveyor belt,17,956.30,16257.10,cancelled,at_risk
SO-004203,210,Foxglove Logistics Ltd,North America,2026-06-21,Barcode scanner,9,394.45,3550.05,completed,completed
SO-004129,1,Harbourline Logistics Ltd,EMEA,2026-06-21,Sorting arm,10,528.21,5282.10,pending,at_risk
SO-004469,111,Sablewood Robotics Ltd,EMEA,2026-06-21,Barcode scanner,25,103.08,2577.00,completed,completed
SO-004307,459,Windermere Analytics Ltd,UK & Ireland,2026-06-21,Tote bin,13,176.56,2295.28,cancelled,at_risk
SO-004509,64,Ironvale Textiles BV,UK & Ireland,2026-06-21,Conveyor belt,15,185.82,2787.30,completed,completed
SO-004451,185,Summit Chemicals GmbH,North America,2026-06-21,Sorting arm,7,724.67,5072.69,completed,completed
SO-003943,4,Ironvale Logistics Ltd,UK & Ireland,2026-06-21,Tote bin,24,231.48,5555.52,pending,at_risk
SO-004189,101,Harbourline Robotics BV,EMEA,2026-06-21,Barcode scanner,20,415.23,8304.60,completed,completed
SO-004391,20,Northwind Foods SA,North America,2026-06-21,Tote bin,22,867.83,19092.26,cancelled,at_risk
SO-004355,16,Marlowe Logistics SA,EMEA,2026-06-21,Conveyor belt,11,284.95,3134.45,completed,completed
SO-004234,2,Cedarcrest Logistics Ltd,LATAM,2026-06-21,Shrink wrapper,15,905.39,13580.85,cancelled,at_risk
SO-004303,7,Kestrel Logistics GmbH,LATAM,2026-06-21,Forklift battery,9,510.59,4595.31,pending,at_risk
SO-004126,1,Harbourline Logistics Ltd,EMEA,2026-06-21,Strapping machine,7,474.70,3322.90,pending,at_risk
SO-004083,4,Ironvale Logistics Ltd,UK & Ireland,2026-06-21,Tote bin,14,453.45,6348.30,completed,completed
SO-004031,48,Granite Analytics GmbH,APAC,2026-06-21,Sorting arm,12,38.73,464.76,completed,completed
SO-004413,90,Foxglove Medical SA,North America,2026-06-21,Barcode scanner,19,702.37,13345.03,completed,completed
SO-004318,2,Cedarcrest Logistics Ltd,LATAM,2026-06-22,Shrink wrapper,24,612.36,14696.64,completed,completed
SO-004075,61,Harbourline Textiles Inc,EMEA,2026-06-22,Conveyor belt,6,538.72,3232.32,completed,completed
SO-004021,280,Northwind Medical Ltd,North America,2026-06-22,Barcode scanner,2,553.41,1106.82,completed,completed
SO-003950,25,Summit Foods Inc,North America,2026-06-22,Label printer,6,269.44,1616.64,completed,completed
SO-004047,119,Windermere Robotics SA,UK & Ireland,2026-06-22,Conveyor belt,3,673.13,2019.39,cancelled,at_risk
SO-004102,343,Blue Ridge Ceramics BV,APAC,2026-06-22,Pallet rack,8,217.73,1741.84,completed,completed
SO-004166,1,Harbourline Logistics Ltd,EMEA,2026-06-22,Dock leveller,22,825.72,18165.84,completed,completed
SO-003992,147,Kestrel Ceramics GmbH,LATAM,2026-06-22,Label printer,23,788.54,18136.42,pending,at_risk
SO-004058,5,Summit Logistics Ltd,North America,2026-06-22,Safety cage,14,912.96,12781.44,completed,completed
SO-004378,3,Blue Ridge Logistics Ltd,APAC,2026-06-22,Strapping machine,9,767.11,6903.99,completed,completed
SO-004009,78,Thistledown Textiles GmbH,APAC,2026-06-22,Forklift battery,15,254.85,3822.75,cancelled,at_risk
SO-004265,297,Ravensgate Medical SA,LATAM,2026-06-22,Tote bin,21,20.27,425.67,completed,completed
SO-003958,1,Harbourline Logistics Ltd,EMEA,2026-06-22,Strapping machine,14,211.93,2967.02,completed,completed
SO-004297,260,Northwind Textiles SA,North America,2026-06-22,Sorting arm,3,416.59,1249.77,completed,completed
SO-004262,50,Foxglove Analytics SA,North America,2026-06-22,Shrink wrapper,18,383.61,6904.98,pending,at_risk
SO-004343,1,Harbourline Logistics Ltd,EMEA,2026-06-22,Barcode scanner,24,925.27,22206.48,pending,at_risk
SO-004186,162,Cedarcrest Instruments Inc,LATAM,2026-06-22,Pallet rack,17,344.18,5851.06,completed,completed
SO-004472,7,Kestrel Logistics GmbH,LATAM,2026-06-22,Shrink wrapper,3,929.13,2787.39,completed,completed
SO-004238,160,Northwind Instruments SA,North America,2026-06-22,Strapping machine,19,828.95,15750.05,completed,completed
SO-004306,358,Thistledown Ceramics GmbH,APAC,2026-06-22,Dock leveller,12,450.30,5403.60,completed,completed
SO-004430,282,Cedarcrest Medical Ltd,LATAM,2026-06-23,Shrink wrapper,11,436.66,4803.26,completed,completed
SO-004024,35,Copperfield Foods Ltd,North America,2026-06-23,Shrink wrapper,5,765.20,3826.00,completed,completed
SO-004165,103,Blue Ridge Robotics BV,APAC,2026-06-23,Weighing station,21,607.51,12757.71,completed,completed
SO-004519,12,Pinehurst Logistics GmbH,LATAM,2026-06-23,Handheld terminal,25,612.52,15313.00,cancelled,at_risk
SO-004115,1,Harbourline Logistics Ltd,EMEA,2026-06-23,Sorting arm,21,892.08,18733.68,pending,at_risk
SO-004414,1,Harbourline Logistics Ltd,EMEA,2026-06-23,Cold-chain container,20,250.31,5006.20,cancelled,at_risk
SO-004146,172,Pinehurst Instruments BV,LATAM,2026-06-23,Label printer,2,574.23,1148.46,completed,completed
SO-004006,1,Harbourline Logistics Ltd,EMEA,2026-06-23,Label printer,12,245.14,2941.68,completed,completed
SO-004432,29,Meridian Foods BV,UK & Ireland,2026-06-23,Dock leveller,13,518.90,6745.70,completed,completed
SO-004016,1,Harbourline Logistics Ltd,EMEA,2026-06-23,Safety cage,22,27.67,608.74,pending,at_risk
SO-003938,1,Harbourline Logistics Ltd,EMEA,2026-06-23,Cold-chain container,19,485.47,9223.93,pending,at_risk
SO-004390,55,Copperfield Analytics SA,North America,2026-06-23,Dock leveller,21,310.34,6517.14,pending,at_risk
SO-004382,40,Northwind Analytics Ltd,North America,2026-06-23,Pallet rack,13,661.99,8605.87,cancelled,at_risk
SO-004257,139,Windermere Freight BV,UK & Ireland,2026-06-23,Conveyor belt,13,499.61,6494.93,completed,completed
SO-004092,140,Northwind Ceramics Ltd,North America,2026-06-23,Cold-chain container,23,163.34,3756.82,completed,completed
SO-004101,56,Marlowe Analytics Inc,EMEA,2026-06-23,Sorting arm,7,377.81,2644.67,completed,completed
SO-004116,332,Pinehurst Freight SA,LATAM,2026-06-23,Pallet rack,22,872.51,19195.22,completed,completed
SO-004097,472,Pinehurst Textiles SA,LATAM,2026-06-24,Tote bin,3,133.77,401.31,completed,completed
SO-003927,142,Cedarcrest Ceramics Ltd,LATAM,2026-06-24,Weighing station,8,938.70,7509.60,pending,at_risk
SO-004066,49,Meridian Analytics SA,UK & Ireland,2026-06-24,Shrink wrapper,22,360.80,7937.60,completed,completed
SO-004353,1,Harbourline Logistics Ltd,EMEA,2026-06-24,Sorting arm,9,635.23,5717.07,completed,completed
SO-004169,409,Meridian Logistics Inc,UK & Ireland,2026-06-24,Handheld terminal,25,680.30,17007.50,completed,completed
SO-004530,476,Marlowe Textiles Inc,EMEA,2026-06-24,Dock leveller,11,285.91,3145.01,completed,completed
SO-004118,227,Kestrel Foods SA,LATAM,2026-06-24,Label printer,24,131.50,3156.00,completed,completed
SO-004081,468,Granite Textiles GmbH,APAC,2026-06-24,Weighing station,12,268.57,3222.84,completed,completed
SO-004149,94,Alderway Medical Inc,UK & Ireland,2026-06-24,Forklift battery,5,60.75,303.75,completed,completed
SO-004462,404,Ironvale Logistics SA,UK & Ireland,2026-06-24,Strapping machine,18,850.52,15309.36,cancelled,at_risk
SO-004351,1,Harbourline Logistics Ltd,EMEA,2026-06-24,Handheld terminal,7,354.13,2478.91,completed,completed
SO-003984,114,Alderway Robotics GmbH,UK & Ireland,2026-06-24,Dock leveller,15,395.11,5926.65,completed,completed
SO-004029,22,Cedarcrest Foods Inc,LATAM,2026-06-24,Handheld terminal,10,254.67,2546.70,pending,at_risk
SO-004122,95,Copperfield Medical Inc,North America,2026-06-24,Shrink wrapper,3,357.98,1073.94,completed,completed
SO-003963,58,Thistledown Analytics Inc,APAC,2026-06-24,Conveyor belt,19,158.04,3002.76,completed,completed
SO-004424,126,Lakeshore Freight Inc,EMEA,2026-06-24,Pallet rack,5,119.25,596.25,completed,completed
SO-004371,14,Alderway Logistics SA,UK & Ireland,2026-06-24,Barcode scanner,2,25.60,51.20,completed,completed
SO-004514,44,Ironvale Analytics GmbH,UK & Ireland,2026-06-24,Shrink wrapper,20,694.17,13883.40,completed,completed
SO-004489,320,Northwind Freight Ltd,North America,2026-06-24,Tote bin,20,147.42,2948.40,cancelled,at_risk
SO-004219,1,Harbourline Logistics Ltd,EMEA,2026-06-24,Forklift battery,25,485.27,12131.75,cancelled,at_risk
SO-004285,450,Foxglove Analytics BV,North America,2026-06-25,Conveyor belt,16,751.10,12017.60,completed,completed
SO-004442,51,Sablewood Analytics SA,EMEA,2026-06-25,Cold-chain container,23,54.20,1246.60,completed,completed
SO-004039,6,Lakeshore Logistics Ltd,EMEA,2026-06-25,Weighing station,20,531.22,10624.40,completed,completed
SO-004078,1,Harbourline Logistics Ltd,EMEA,2026-06-25,Cold-chain container,9,383.20,3448.80,cancelled,at_risk
SO-004063,10,Foxglove Logistics GmbH,North America,2026-06-25,Barcode scanner,19,315.98,6003.62,completed,completed
SO-004474,456,Marlowe Analytics Ltd,EMEA,2026-06-25,Dock leveller,5,140.62,703.10,completed,completed
SO-004500,8,Granite Logistics GmbH,APAC,2026-06-25,Shrink wrapper,6,712.24,4273.44,completed,completed
SO-004228,99,Windermere Medical BV,UK & Ireland,2026-06-25,Pallet rack,9,112.04,1008.36,completed,completed
SO-003978,172,Pinehurst Instruments BV,LATAM,2026-06-25,Label printer,9,447.94,4031.46,pending,at_risk
SO-004258,268,Granite Textiles Inc,APAC,2026-06-25,Label printer,14,243.15,3404.10,completed,completed
SO-004202,28,Granite Foods BV,APAC,2026-06-25,Label printer,8,362.79,2902.32,cancelled,at_risk
SO-004245,103,Blue Ridge Robotics BV,APAC,2026-06-25,Barcode scanner,1,332.12,332.12,completed,completed
SO-004361,32,Pinehurst Foods BV,LATAM,2026-06-25,Weighing station,17,189.15,3215.55,completed,completed
SO-004291,407,Kestrel Logistics Inc,LATAM,2026-06-25,Weighing station,22,426.07,9373.54,pending,at_risk
SO-004111,54,Alderway Analytics SA,UK & Ireland,2026-06-25,Tote bin,17,115.09,1956.53,completed,completed
SO-004051,5,Summit Logistics Ltd,North America,2026-06-25,Forklift battery,7,450.77,3155.39,cancelled,at_risk
SO-004321,348,Granite Ceramics BV,APAC,2026-06-25,Tote bin,2,817.44,1634.88,completed,completed
SO-004052,2,Cedarcrest Logistics Ltd,LATAM,2026-06-25,Shrink wrapper,8,364.60,2916.80,cancelled,at_risk
SO-004342,10,Foxglove Logistics GmbH,North America,2026-06-25,Label printer,23,917.11,21093.53,completed,completed
SO-004418,25,Summit Foods Inc,North America,2026-06-25,Dock leveller,24,410.38,9849.12,pending,at_risk
SO-004423,1,Harbourline Logistics Ltd,EMEA,2026-06-25,Sorting arm,4,532.53,2130.12,cancelled,at_risk
SO-004311,1,Harbourline Logistics Ltd,EMEA,2026-06-25,Sorting arm,17,410.32,6975.44,pending,at_risk
SO-004254,62,Cedarcrest Textiles Inc,LATAM,2026-06-25,Safety cage,10,677.52,6775.20,pending,at_risk
SO-004084,112,Pinehurst Robotics GmbH,LATAM,2026-06-25,Strapping machine,15,437.08,6556.20,cancelled,at_risk
SO-004098,188,Granite Chemicals GmbH,APAC,2026-06-25,Strapping machine,4,761.41,3045.64,completed,completed
SO-004137,59,Windermere Analytics Inc,UK & Ireland,2026-06-26,Weighing station,18,918.87,16539.66,completed,completed
SO-004464,1,Harbourline Logistics Ltd,EMEA,2026-06-26,Safety cage,20,274.18,5483.60,completed,completed
SO-004294,399,Windermere Chemicals SA,UK & Ireland,2026-06-26,Strapping machine,25,704.63,17615.75,pending,at_risk
SO-004200,396,Marlowe Chemicals GmbH,EMEA,2026-06-26,Pallet rack,6,837.79,5026.74,completed,completed
SO-004192,315,Copperfield Robotics Ltd,North America,2026-06-26,Shrink wrapper,23,323.13,7431.99,completed,completed
SO-003952,5,Summit Logistics Ltd,North America,2026-06-26,Cold-chain container,8,431.87,3454.96,completed,completed
SO-004175,4,Ironvale Logistics Ltd,UK & Ireland,2026-06-26,Barcode scanner,6,519.01,3114.06,completed,completed
SO-004074,25,Summit Foods Inc,North America,2026-06-26,Pallet rack,5,495.64,2478.20,completed,completed
SO-004121,3,Blue Ridge Logistics Ltd,APAC,2026-06-26,Forklift battery,2,99.28,198.56,completed,completed
SO-004069,36,Marlowe Foods Ltd,EMEA,2026-06-26,Tote bin,25,709.13,17728.25,pending,at_risk
SO-004157,179,Windermere Instruments Ltd,UK & Ireland,2026-06-26,Sorting arm,13,23.70,308.10,completed,completed
SO-004389,84,Ironvale Medical SA,UK & Ireland,2026-06-26,Weighing station,20,216.63,4332.60,cancelled,at_risk
SO-004484,1,Harbourline Logistics Ltd,EMEA,2026-06-26,Cold-chain container,15,270.46,4056.90,completed,completed
SO-004369,29,Meridian Foods BV,UK & Ireland,2026-06-26,Conveyor belt,25,164.03,4100.75,completed,completed
SO-004384,55,Copperfield Analytics SA,North America,2026-06-26,Label printer,15,690.58,10358.70,completed,completed
SO-004496,19,Windermere Logistics SA,UK & Ireland,2026-06-26,Label printer,2,766.13,1532.26,completed,completed
SO-004179,60,Northwind Textiles Inc,North America,2026-06-26,Weighing station,10,652.37,6523.70,completed,completed
SO-004422,322,Cedarcrest Freight GmbH,LATAM,2026-06-26,Safety cage,3,941.06,2823.18,completed,completed
SO-004198,397,Ravensgate Chemicals GmbH,LATAM,2026-06-26,Safety cage,4,904.31,3617.24,cancelled,at_risk
SO-004139,1,Harbourline Logistics Ltd,EMEA,2026-06-26,Tote bin,20,277.48,5549.60,completed,completed
SO-004425,21,Harbourline Foods Inc,EMEA,2026-06-26,Conveyor belt,6,827.92,4967.52,completed,completed
SO-004154,2,Cedarcrest Logistics Ltd,LATAM,2026-06-26,Strapping machine,10,634.74,6347.40,completed,completed
SO-004521,48,Granite Analytics GmbH,APAC,2026-06-26,Sorting arm,2,534.02,1068.04,completed,completed
SO-004095,14,Alderway Logistics SA,UK & Ireland,2026-06-26,Weighing station,1,73.12,73.12,completed,completed
SO-004057,385,Summit Chemicals Ltd,North America,2026-06-26,Handheld terminal,13,827.55,10758.15,cancelled,at_risk
SO-004406,62,Cedarcrest Textiles Inc,LATAM,2026-06-26,Strapping machine,12,507.22,6086.64,completed,completed
SO-004386,308,Granite Robotics BV,APAC,2026-06-26,Cold-chain container,17,862.31,14659.27,pending,at_risk
SO-004065,1,Harbourline Logistics Ltd,EMEA,2026-06-26,Forklift battery,21,811.16,17034.36,completed,completed
SO-004221,1,Harbourline Logistics Ltd,EMEA,2026-06-26,Weighing station,2,43.24,86.48,completed,completed
SO-004181,373,Silverbrook Instruments Inc,APAC,2026-06-27,Tote bin,12,452.92,5435.04,pending,at_risk
SO-004305,5,Summit Logistics Ltd,North America,2026-06-27,Weighing station,11,286.73,3154.03,completed,completed
SO-004193,2,Cedarcrest Logistics Ltd,LATAM,2026-06-27,Weighing station,24,557.44,13378.56,pending,at_risk
SO-004019,416,Marlowe Logistics BV,EMEA,2026-06-27,Conveyor belt,25,422.58,10564.50,cancelled,at_risk
SO-004428,1,Harbourline Logistics Ltd,EMEA,2026-06-27,Cold-chain container,9,526.91,4742.19,completed,completed
SO-004020,485,Summit Medical BV,North America,2026-06-27,Label printer,1,948.80,948.80,completed,completed
SO-004055,54,Alderway Analytics SA,UK & Ireland,2026-06-27,Tote bin,11,722.54,7947.94,cancelled,at_risk
SO-004259,2,Cedarcrest Logistics Ltd,LATAM,2026-06-27,Barcode scanner,15,494.97,7424.55,cancelled,at_risk
SO-004420,1,Harbourline Logistics Ltd,EMEA,2026-06-27,Strapping machine,1,506.56,506.56,completed,completed
SO-004493,1,Harbourline Logistics Ltd,EMEA,2026-06-27,Sorting arm,24,453.93,10894.32,completed,completed
SO-004275,30,Foxglove Foods BV,North America,2026-06-27,Forklift battery,6,605.75,3634.50,completed,completed
SO-003936,73,Silverbrook Textiles Ltd,APAC,2026-06-27,Label printer,17,403.38,6857.46,cancelled,at_risk
SO-004239,248,Granite Analytics Ltd,APAC,2026-06-27,Handheld terminal,20,682.89,13657.80,cancelled,at_risk
SO-004447,270,Foxglove Textiles Inc,North America,2026-06-27,Tote bin,3,176.00,528.00,completed,completed
SO-003924,333,Silverbrook Freight SA,APAC,2026-06-27,Cold-chain container,5,97.01,485.05,completed,completed
SO-004184,51,Sablewood Analytics SA,EMEA,2026-06-27,Safety cage,15,613.80,9207.00,completed,completed
SO-004230,23,Blue Ridge Foods Inc,APAC,2026-06-27,Label printer,11,510.83,5619.13,completed,completed
SO-004143,14,Alderway Logistics SA,UK & Ireland,2026-06-28,Sorting arm,24,859.69,20632.56,pending,at_risk
SO-003953,1,Harbourline Logistics Ltd,EMEA,2026-06-28,Forklift battery,9,532.50,4792.50,pending,at_risk
SO-004212,61,Harbourline Textiles Inc,EMEA,2026-06-28,Safety cage,18,328.15,5906.70,completed,completed
SO-004408,280,Northwind Medical Ltd,North America,2026-06-28,Safety cage,14,931.86,13046.04,pending,at_risk
SO-003965,49,Meridian Analytics SA,UK & Ireland,2026-06-28,Barcode scanner,21,844.75,17739.75,pending,at_risk
SO-004141,181,Harbourline Chemicals Ltd,EMEA,2026-06-28,Handheld terminal,22,642.97,14145.34,completed,completed
SO-004208,99,Windermere Medical BV,UK & Ireland,2026-06-28,Dock leveller,14,639.20,8948.80,completed,completed
SO-004281,20,Northwind Foods SA,North America,2026-06-28,Handheld terminal,12,673.32,8079.84,pending,at_risk
SO-004347,4,Ironvale Logistics Ltd,UK & Ireland,2026-06-28,Weighing station,3,161.47,484.41,completed,completed
SO-004352,1,Harbourline Logistics Ltd,EMEA,2026-06-28,Safety cage,8,483.87,3870.96,completed,completed
SO-004056,17,Ravensgate Logistics SA,LATAM,2026-06-28,Strapping machine,12,774.24,9290.88,cancelled,at_risk
SO-005035,3,Blue Ridge Logistics Ltd,APAC,2026-07-01,Conveyor belt,6,749.49,4496.94,completed,completed
SO-004865,11,Sablewood Logistics GmbH,EMEA,2026-07-01,Sorting arm,11,843.73,9281.03,cancelled,at_risk
SO-005183,4,Ironvale Logistics Ltd,UK & Ireland,2026-07-01,Tote bin,4,654.02,2616.08,completed,completed
SO-004626,250,Foxglove Analytics Ltd,North America,2026-07-01,Safety cage,22,132.63,2917.86,completed,completed
SO-004534,30,Foxglove Foods BV,North America,2026-07-01,Cold-chain container,5,628.68,3143.40,completed,completed
SO-004827,1,Harbourline Logistics Ltd,EMEA,2026-07-01,Barcode scanner,23,486.70,11194.10,completed,completed
SO-004829,483,Blue Ridge Medical BV,APAC,2026-07-01,Forklift battery,25,709.16,17729.00,cancelled,at_risk
SO-004738,3,Blue Ridge Logistics Ltd,APAC,2026-07-01,Safety cage,9,626.33,5636.97,pending,at_risk
SO-005030,1,Harbourline Logistics Ltd,EMEA,2026-07-01,Strapping machine,1,571.83,571.83,completed,completed
SO-004993,299,Windermere Medical SA,UK & Ireland,2026-07-02,Conveyor belt,14,481.27,6737.78,cancelled,at_risk
SO-005029,316,Marlowe Robotics Ltd,EMEA,2026-07-02,Tote bin,25,338.66,8466.50,completed,completed
SO-004627,5,Summit Logistics Ltd,North America,2026-07-02,Sorting arm,23,354.50,8153.50,pending,at_risk
SO-005129,1,Harbourline Logistics Ltd,EMEA,2026-07-02,Handheld terminal,25,900.85,22521.25,cancelled,at_risk
SO-005022,190,Foxglove Chemicals SA,North America,2026-07-02,Label printer,18,227.82,4100.76,cancelled,at_risk
SO-005164,2,Cedarcrest Logistics Ltd,LATAM,2026-07-02,Cold-chain container,10,270.50,2705.00,pending,at_risk
SO-005199,14,Alderway Logistics SA,UK & Ireland,2026-07-02,Handheld terminal,20,450.93,9018.60,pending,at_risk
SO-005005,325,Summit Freight GmbH,North America,2026-07-02,Sorting arm,1,829.84,829.84,completed,completed
SO-004761,66,Lakeshore Textiles BV,EMEA,2026-07-02,Weighing station,7,717.86,5025.02,completed,completed
SO-004847,15,Copperfield Logistics SA,North America,2026-07-02,Tote bin,18,358.38,6450.84,pending,at_risk
SO-005099,18,Thistledown Logistics SA,APAC,2026-07-02,Tote bin,20,381.58,7631.60,completed,completed
SO-005115,94,Alderway Medical Inc,UK & Ireland,2026-07-02,Handheld terminal,11,562.04,6182.44,completed,completed
SO-005008,133,Silverbrook Freight BV,APAC,2026-07-02,Label printer,4,230.70,922.80,cancelled,at_risk
SO-004810,226,Lakeshore Foods SA,EMEA,2026-07-02,Pallet rack,6,605.07,3630.42,cancelled,at_risk
SO-005036,31,Sablewood Foods BV,EMEA,2026-07-02,Label printer,7,599.30,4195.10,completed,completed
SO-004914,216,Marlowe Logistics Ltd,EMEA,2026-07-02,Shrink wrapper,10,277.90,2779.00,completed,completed
SO-004624,100,Northwind Robotics BV,North America,2026-07-02,Strapping machine,20,152.42,3048.40,cancelled,at_risk
SO-005032,107,Kestrel Robotics Ltd,LATAM,2026-07-02,Safety cage,3,266.85,800.55,pending,at_risk
SO-004731,6,Lakeshore Logistics Ltd,EMEA,2026-07-02,Forklift battery,2,22.84,45.68,pending,at_risk
SO-005200,9,Meridian Logistics GmbH,UK & Ireland,2026-07-02,Safety cage,21,626.21,13150.41,cancelled,at_risk
SO-004841,44,Ironvale Analytics GmbH,UK & Ireland,2026-07-02,Barcode scanner,12,922.22,11066.64,pending,at_risk
SO-004867,204,Ironvale Logistics BV,UK & Ireland,2026-07-02,Conveyor belt,13,404.36,5256.68,completed,completed
SO-005084,38,Thistledown Foods Ltd,APAC,2026-07-02,Dock leveller,5,752.00,3760.00,completed,completed
SO-005189,77,Ravensgate Textiles GmbH,LATAM,2026-07-02,Conveyor belt,10,847.57,8475.70,cancelled,at_risk
SO-005154,30,Foxglove Foods BV,North America,2026-07-02,Dock leveller,25,872.20,21805.00,pending,at_risk
SO-004554,191,Sablewood Chemicals SA,EMEA,2026-07-03,Strapping machine,25,428.74,10718.50,cancelled,at_risk
SO-005102,1,Harbourline Logistics Ltd,EMEA,2026-07-03,Safety cage,23,769.40,17696.20,pending,at_risk
SO-004760,32,Pinehurst Foods BV,LATAM,2026-07-03,Shrink wrapper,6,272.76,1636.56,cancelled,at_risk
SO-004990,19,Windermere Logistics SA,UK & Ireland,2026-07-03,Safety cage,11,594.55,6540.05,completed,completed
SO-005012,300,Northwind Robotics SA,North America,2026-07-03,Shrink wrapper,8,84.34,674.72,completed,completed
SO-005071,466,Lakeshore Textiles GmbH,EMEA,2026-07-03,Tote bin,17,712.31,12109.27,pending,at_risk
SO-005024,92,Pinehurst Medical Inc,LATAM,2026-07-03,Cold-chain container,20,322.64,6452.80,completed,completed
SO-004702,45,Summit Analytics GmbH,North America,2026-07-03,Cold-chain container,23,708.15,16287.45,cancelled,at_risk
SO-004542,1,Harbourline Logistics Ltd,EMEA,2026-07-03,Safety cage,13,800.78,10410.14,completed,completed
SO-005176,83,Blue Ridge Medical GmbH,APAC,2026-07-03,Label printer,22,828.27,18221.94,completed,completed
SO-004640,208,Granite Logistics BV,APAC,2026-07-03,Safety cage,11,452.62,4978.82,completed,completed
SO-004781,422,Cedarcrest Foods Ltd,LATAM,2026-07-03,Sorting arm,2,32.11,64.22,cancelled,at_risk
SO-004685,96,Marlowe Medical Inc,EMEA,2026-07-03,Conveyor belt,6,791.70,4750.20,pending,at_risk
SO-004996,2,Cedarcrest Logistics Ltd,LATAM,2026-07-03,Cold-chain container,17,556.42,9459.14,completed,completed
SO-005209,62,Cedarcrest Textiles Inc,LATAM,2026-07-03,Weighing station,5,821.33,4106.65,cancelled,at_risk
SO-004575,431,Sablewood Foods GmbH,EMEA,2026-07-03,Barcode scanner,21,143.05,3004.05,completed,completed
SO-004662,66,Lakeshore Textiles BV,EMEA,2026-07-03,Shrink wrapper,8,373.72,2989.76,completed,completed
SO-004928,5,Summit Logistics Ltd,North America,2026-07-03,Shrink wrapper,24,793.19,19036.56,cancelled,at_risk
SO-004971,2,Cedarcrest Logistics Ltd,LATAM,2026-07-03,Weighing station,17,949.54,16142.18,cancelled,at_risk
SO-004540,140,Northwind Ceramics Ltd,North America,2026-07-03,Strapping machine,11,715.80,7873.80,completed,completed
SO-004911,8,Granite Logistics GmbH,APAC,2026-07-03,Barcode scanner,7,775.10,5425.70,completed,completed
SO-005170,401,Harbourline Logistics SA,EMEA,2026-07-03,Strapping machine,16,672.78,10764.48,pending,at_risk
SO-004912,91,Sablewood Medical Inc,EMEA,2026-07-03,Cold-chain container,8,387.78,3102.24,cancelled,at_risk
SO-005101,128,Granite Freight Inc,APAC,2026-07-03,Handheld terminal,22,456.44,10041.68,pending,at_risk
SO-004647,91,Sablewood Medical Inc,EMEA,2026-07-03,Forklift battery,18,308.98,5561.64,completed,completed
SO-004828,1,Harbourline Logistics Ltd,EMEA,2026-07-03,Cold-chain container,24,648.23,15557.52,pending,at_risk
SO-005192,248,Granite Analytics Ltd,APAC,2026-07-03,Cold-chain container,13,515.28,6698.64,completed,completed
SO-004903,1,Harbourline Logistics Ltd,EMEA,2026-07-04,Tote bin,24,835.28,20046.72,completed,completed
SO-005056,36,Marlowe Foods Ltd,EMEA,2026-07-04,Dock leveller,2,266.86,533.72,completed,completed
SO-004888,20,Northwind Foods SA,North America,2026-07-04,Dock leveller,9,824.35,7419.15,pending,at_risk
SO-005019,214,Alderway Logistics Ltd,UK & Ireland,2026-07-04,Sorting arm,15,622.56,9338.40,pending,at_risk
SO-004641,131,Sablewood Freight Inc,EMEA,2026-07-04,Sorting arm,12,483.61,5803.32,completed,completed
SO-004658,39,Windermere Foods Ltd,UK & Ireland,2026-07-04,Label printer,4,670.17,2680.68,completed,completed
SO-005016,8,Granite Logistics GmbH,APAC,2026-07-04,Strapping machine,12,338.86,4066.32,pending,at_risk
SO-004635,85,Summit Medical SA,North America,2026-07-04,Weighing station,6,686.82,4120.92,completed,completed
SO-004766,1,Harbourline Logistics Ltd,EMEA,2026-07-04,Safety cage,12,467.29,5607.48,cancelled,at_risk
SO-005125,139,Windermere Freight BV,UK & Ireland,2026-07-04,Weighing station,21,793.25,16658.25,completed,completed
SO-004952,446,Lakeshore Analytics Inc,EMEA,2026-07-04,Label printer,23,746.44,17168.12,completed,completed
SO-004759,1,Harbourline Logistics Ltd,EMEA,2026-07-04,Forklift battery,5,894.47,4472.35,completed,completed
SO-005223,2,Cedarcrest Logistics Ltd,LATAM,2026-07-04,Weighing station,19,80.28,1525.32,completed,completed
SO-005203,62,Cedarcrest Textiles Inc,LATAM,2026-07-04,Conveyor belt,24,645.28,15486.72,completed,completed
SO-004571,36,Marlowe Foods Ltd,EMEA,2026-07-04,Sorting arm,17,504.72,8580.24,completed,completed
SO-005097,414,Alderway Logistics BV,UK & Ireland,2026-07-04,Weighing station,18,529.65,9533.70,cancelled,at_risk
SO-005112,85,Summit Medical SA,North America,2026-07-04,Dock leveller,8,35.95,287.60,completed,completed
SO-004970,7,Kestrel Logistics GmbH,LATAM,2026-07-04,Shrink wrapper,16,797.91,12766.56,completed,completed
SO-005057,17,Ravensgate Logistics SA,LATAM,2026-07-04,Tote bin,3,759.95,2279.85,pending,at_risk
SO-004580,1,Harbourline Logistics Ltd,EMEA,2026-07-04,Dock leveller,1,360.81,360.81,completed,completed
SO-004923,86,Lakeshore Medical SA,EMEA,2026-07-04,Conveyor belt,19,469.08,8912.52,cancelled,at_risk
SO-005135,18,Thistledown Logistics SA,APAC,2026-07-04,Barcode scanner,6,280.27,1681.62,completed,completed
SO-005138,304,Ironvale Robotics Inc,UK & Ireland,2026-07-04,Shrink wrapper,9,486.74,4380.66,completed,completed
SO-004764,29,Meridian Foods BV,UK & Ireland,2026-07-04,Strapping machine,10,809.86,8098.60,pending,at_risk
SO-005025,153,Silverbrook Ceramics GmbH,APAC,2026-07-04,Forklift battery,21,21.79,457.59,completed,completed
SO-004644,129,Meridian Freight Inc,UK & Ireland,2026-07-04,Label printer,15,930.39,13955.85,cancelled,at_risk
SO-004531,107,Kestrel Robotics Ltd,LATAM,2026-07-04,Conveyor belt,2,550.80,1101.60,completed,completed
SO-005161,96,Marlowe Medical Inc,EMEA,2026-07-04,Conveyor belt,7,660.89,4626.23,cancelled,at_risk
SO-004551,19,Windermere Logistics SA,UK & Ireland,2026-07-05,Weighing station,22,419.07,9219.54,cancelled,at_risk
SO-005082,53,Silverbrook Analytics SA,APAC,2026-07-05,Shrink wrapper,3,582.93,1748.79,completed,completed
SO-004634,1,Harbourline Logistics Ltd,EMEA,2026-07-05,Shrink wrapper,5,627.83,3139.15,completed,completed
SO-004988,250,Foxglove Analytics Ltd,North America,2026-07-05,Strapping machine,9,649.73,5847.57,completed,completed
SO-004941,422,Cedarcrest Foods Ltd,LATAM,2026-07-05,Forklift battery,12,187.49,2249.88,pending,at_risk
SO-005175,47,Kestrel Analytics GmbH,LATAM,2026-07-05,Conveyor belt,21,251.93,5290.53,cancelled,at_risk
SO-004858,224,Ironvale Foods SA,UK & Ireland,2026-07-05,Shrink wrapper,4,705.14,2820.56,completed,completed
SO-004889,104,Ironvale Robotics BV,UK & Ireland,2026-07-05,Tote bin,10,300.10,3001.00,completed,completed
SO-004799,92,Pinehurst Medical Inc,LATAM,2026-07-05,Barcode scanner,20,474.05,9481.00,completed,completed
SO-004892,1,Harbourline Logistics Ltd,EMEA,2026-07-05,Safety cage,13,792.82,10306.66,completed,completed
SO-005152,65,Summit Textiles BV,North America,2026-07-05,Shrink wrapper,23,159.86,3676.78,cancelled,at_risk
SO-005206,413,Silverbrook Logistics BV,APAC,2026-07-05,Cold-chain container,2,254.83,509.66,completed,completed
SO-004747,1,Harbourline Logistics Ltd,EMEA,2026-07-05,Weighing station,18,517.44,9313.92,pending,at_risk
SO-005109,396,Marlowe Chemicals GmbH,EMEA,2026-07-05,Forklift battery,5,298.41,1492.05,completed,completed
SO-004880,108,Granite Robotics Ltd,APAC,2026-07-05,Pallet rack,1,760.04,760.04,completed,completed
SO-004995,166,Lakeshore Instruments Inc,EMEA,2026-07-06,Barcode scanner,16,603.07,9649.12,cancelled,at_risk
SO-004750,177,Ravensgate Instruments Ltd,LATAM,2026-07-06,Strapping machine,21,619.17,13002.57,completed,completed
SO-004961,402,Cedarcrest Logistics SA,LATAM,2026-07-06,Handheld terminal,7,684.54,4791.78,pending,at_risk
SO-004778,355,Copperfield Ceramics Ltd,North America,2026-07-06,Strapping machine,24,913.94,21934.56,cancelled,at_risk
SO-004763,159,Windermere Ceramics SA,UK & Ireland,2026-07-06,Tote bin,9,510.72,4596.48,pending,at_risk
SO-005173,402,Cedarcrest Logistics SA,LATAM,2026-07-06,Sorting arm,19,30.32,576.08,pending,at_risk
SO-004593,496,Marlowe Medical Ltd,EMEA,2026-07-06,Weighing station,14,308.30,4316.20,cancelled,at_risk
SO-004803,35,Copperfield Foods Ltd,North America,2026-07-06,Weighing station,24,508.64,12207.36,completed,completed
SO-005119,52,Pinehurst Analytics SA,LATAM,2026-07-06,Conveyor belt,15,789.78,11846.70,pending,at_risk
SO-004678,12,Pinehurst Logistics GmbH,LATAM,2026-07-06,Dock leveller,24,306.59,7358.16,completed,completed
SO-004576,11,Sablewood Logistics GmbH,EMEA,2026-07-06,Cold-chain container,22,844.67,18582.74,completed,completed
SO-004950,158,Thistledown Ceramics SA,APAC,2026-07-06,Pallet rack,21,830.10,17432.10,cancelled,at_risk
SO-004800,1,Harbourline Logistics Ltd,EMEA,2026-07-06,Cold-chain container,21,55.65,1168.65,completed,completed
SO-004739,14,Alderway Logistics SA,UK & Ireland,2026-07-06,Sorting arm,10,56.01,560.10,completed,completed
SO-004669,1,Harbourline Logistics Ltd,EMEA,2026-07-06,Sorting arm,15,69.33,1039.95,completed,completed
SO-004856,73,Silverbrook Textiles Ltd,APAC,2026-07-06,Cold-chain container,2,597.70,1195.40,pending,at_risk
SO-004729,1,Harbourline Logistics Ltd,EMEA,2026-07-06,Barcode scanner,25,893.07,22326.75,pending,at_risk
SO-004582,7,Kestrel Logistics GmbH,LATAM,2026-07-06,Strapping machine,3,935.35,2806.05,pending,at_risk
SO-004844,58,Thistledown Analytics Inc,APAC,2026-07-06,Shrink wrapper,15,523.95,7859.25,pending,at_risk
SO-004773,134,Alderway Freight BV,UK & Ireland,2026-07-06,Forklift battery,19,871.13,16551.47,completed,completed
SO-004606,5,Summit Logistics Ltd,North America,2026-07-06,Shrink wrapper,2,434.53,869.06,completed,completed
SO-004846,369,Meridian Instruments SA,UK & Ireland,2026-07-06,Dock leveller,17,512.85,8718.45,completed,completed
SO-004562,1,Harbourline Logistics Ltd,EMEA,2026-07-06,Cold-chain container,8,776.66,6213.28,pending,at_risk
SO-004745,301,Harbourline Robotics Inc,EMEA,2026-07-06,Forklift battery,16,854.20,13667.20,pending,at_risk
SO-004733,173,Silverbrook Instruments BV,APAC,2026-07-06,Weighing station,4,61.61,246.44,completed,completed
SO-004795,1,Harbourline Logistics Ltd,EMEA,2026-07-06,Sorting arm,16,956.21,15299.36,completed,completed
SO-005072,172,Pinehurst Instruments BV,LATAM,2026-07-06,Strapping machine,18,769.71,13854.78,cancelled,at_risk
SO-004757,15,Copperfield Logistics SA,North America,2026-07-06,Barcode scanner,3,878.23,2634.69,completed,completed
SO-004819,297,Ravensgate Medical SA,LATAM,2026-07-07,Tote bin,15,415.39,6230.85,completed,completed
SO-004992,2,Cedarcrest Logistics Ltd,LATAM,2026-07-07,Pallet rack,13,930.85,12101.05,cancelled,at_risk
SO-004882,61,Harbourline Textiles Inc,EMEA,2026-07-07,Label printer,3,636.73,1910.19,completed,completed
SO-004735,2,Cedarcrest Logistics Ltd,LATAM,2026-07-07,Tote bin,6,275.77,1654.62,completed,completed
SO-005190,1,Harbourline Logistics Ltd,EMEA,2026-07-07,Label printer,11,214.78,2362.58,completed,completed
SO-004783,1,Harbourline Logistics Ltd,EMEA,2026-07-07,Conveyor belt,4,745.47,2981.88,completed,completed
SO-005088,397,Ravensgate Chemicals GmbH,LATAM,2026-07-07,Safety cage,9,368.29,3314.61,pending,at_risk
SO-004983,28,Granite Foods BV,APAC,2026-07-07,Forklift battery,4,271.18,1084.72,completed,completed
SO-004887,324,Ironvale Freight GmbH,UK & Ireland,2026-07-07,Weighing station,8,269.25,2154.00,completed,completed
SO-005067,186,Lakeshore Chemicals GmbH,EMEA,2026-07-07,Forklift battery,13,238.57,3101.41,completed,completed
SO-004901,55,Copperfield Analytics SA,North America,2026-07-07,Weighing station,22,178.50,3927.00,completed,completed
SO-005134,4,Ironvale Logistics Ltd,UK & Ireland,2026-07-07,Label printer,5,658.41,3292.05,completed,completed
SO-004907,267,Kestrel Textiles Inc,LATAM,2026-07-07,Sorting arm,3,929.09,2787.27,pending,at_risk
SO-004948,145,Summit Ceramics Ltd,North America,2026-07-07,Safety cage,19,72.99,1386.81,completed,completed
SO-004947,167,Kestrel Instruments Inc,LATAM,2026-07-07,Handheld terminal,18,259.05,4662.90,completed,completed
SO-004687,26,Lakeshore Foods Inc,EMEA,2026-07-07,Barcode scanner,8,253.60,2028.80,completed,completed
SO-005060,6,Lakeshore Logistics Ltd,EMEA,2026-07-07,Safety cage,6,86.16,516.96,completed,completed
SO-004974,57,Ravensgate Analytics Inc,LATAM,2026-07-07,Strapping machine,20,417.71,8354.20,cancelled,at_risk
SO-004657,34,Alderway Foods BV,UK & Ireland,2026-07-07,Conveyor belt,3,769.36,2308.08,completed,completed
SO-004854,94,Alderway Medical Inc,UK & Ireland,2026-07-07,Label printer,25,493.24,12331.00,completed,completed
SO-005128,72,Pinehurst Textiles Ltd,LATAM,2026-07-08,Strapping machine,24,481.88,11565.12,pending,at_risk
SO-004818,1,Harbourline Logistics Ltd,EMEA,2026-07-08,Dock leveller,14,713.07,9982.98,cancelled,at_risk
SO-004886,3,Blue Ridge Logistics Ltd,APAC,2026-07-08,Shrink wrapper,7,809.30,5665.10,pending,at_risk
SO-004549,3,Blue Ridge Logistics Ltd,APAC,2026-07-08,Forklift battery,20,902.46,18049.20,cancelled,at_risk
SO-004863,6,Lakeshore Logistics Ltd,EMEA,2026-07-08,Handheld terminal,9,773.06,6957.54,completed,completed
SO-005096,283,Blue Ridge Medical Ltd,APAC,2026-07-08,Shrink wrapper,17,759.14,12905.38,completed,completed
SO-004932,28,Granite Foods BV,APAC,2026-07-08,Strapping machine,3,22.53,67.59,completed,completed
SO-005185,465,Summit Textiles GmbH,North America,2026-07-08,Handheld terminal,6,762.02,4572.12,pending,at_risk
SO-004955,90,Foxglove Medical SA,North America,2026-07-08,Forklift battery,1,815.31,815.31,completed,completed
SO-004701,307,Kestrel Robotics Inc,LATAM,2026-07-08,Barcode scanner,22,94.99,2089.78,completed,completed
SO-005017,34,Alderway Foods BV,UK & Ireland,2026-07-08,Handheld terminal,13,289.57,3764.41,completed,completed
SO-005075,476,Marlowe Textiles Inc,EMEA,2026-07-08,Sorting arm,21,46.31,972.51,completed,completed
SO-004650,371,Sablewood Instruments Inc,EMEA,2026-07-08,Dock leveller,21,830.52,17440.92,pending,at_risk
SO-005113,38,Thistledown Foods Ltd,APAC,2026-07-08,Tote bin,9,326.23,2936.07,completed,completed
SO-005044,3,Blue Ridge Logistics Ltd,APAC,2026-07-08,Strapping machine,15,570.40,8556.00,pending,at_risk
SO-004638,281,Harbourline Medical Ltd,EMEA,2026-07-08,Strapping machine,9,247.12,2224.08,completed,completed
SO-004768,171,Sablewood Instruments BV,EMEA,2026-07-08,Pallet rack,14,454.05,6356.70,pending,at_risk
SO-004789,16,Marlowe Logistics SA,EMEA,2026-07-08,Weighing station,10,808.70,8087.00,pending,at_risk
SO-004833,24,Ironvale Foods Inc,UK & Ireland,2026-07-08,Tote bin,4,832.70,3330.80,completed,completed
SO-005151,3,Blue Ridge Logistics Ltd,APAC,2026-07-08,Forklift battery,22,270.68,5954.96,pending,at_risk
SO-004968,410,Foxglove Logistics Inc,North America,2026-07-08,Cold-chain container,14,645.80,9041.20,cancelled,at_risk
SO-005184,87,Kestrel Medical SA,LATAM,2026-07-08,Strapping machine,5,931.20,4656.00,completed,completed
SO-004621,264,Ironvale Textiles SA,UK & Ireland,2026-07-08,Weighing station,17,48.13,818.21,completed,completed
SO-004636,162,Cedarcrest Instruments Inc,LATAM,2026-07-09,Dock leveller,7,514.95,3604.65,cancelled,at_risk
SO-005053,192,Pinehurst Chemicals SA,LATAM,2026-07-09,Forklift battery,24,119.82,2875.68,pending,at_risk
SO-004868,108,Granite Robotics Ltd,APAC,2026-07-09,Label printer,14,778.08,10893.12,completed,completed
SO-004776,87,Kestrel Medical SA,LATAM,2026-07-09,Dock leveller,22,877.34,19301.48,pending,at_risk
SO-004894,1,Harbourline Logistics Ltd,EMEA,2026-07-09,Pallet rack,15,117.12,1756.80,completed,completed
SO-005014,6,Lakeshore Logistics Ltd,EMEA,2026-07-09,Dock leveller,10,193.20,1932.00,completed,completed
SO-004543,207,Kestrel Logistics BV,LATAM,2026-07-09,Sorting arm,14,320.73,4490.22,pending,at_risk
SO-004902,373,Silverbrook Instruments Inc,APAC,2026-07-09,Dock leveller,23,241.56,5555.88,completed,completed
SO-004539,16,Marlowe Logistics SA,EMEA,2026-07-09,Tote bin,10,241.12,2411.20,pending,at_risk
SO-004915,314,Alderway Robotics BV,UK & Ireland,2026-07-09,Weighing station,11,88.82,977.02,completed,completed
SO-004686,69,Meridian Textiles BV,UK & Ireland,2026-07-09,Label printer,7,157.49,1102.43,completed,completed
SO-004871,175,Copperfield Instruments Ltd,North America,2026-07-09,Forklift battery,17,151.94,2582.98,completed,completed
SO-004583,48,Granite Analytics GmbH,APAC,2026-07-09,Handheld terminal,4,535.45,2141.80,pending,at_risk
SO-005000,309,Meridian Robotics BV,UK & Ireland,2026-07-09,Dock leveller,21,745.11,15647.31,completed,completed
SO-005050,125,Summit Freight SA,North America,2026-07-09,Label printer,21,373.44,7842.24,pending,at_risk
SO-004977,81,Harbourline Medical GmbH,EMEA,2026-07-09,Sorting arm,23,196.90,4528.70,cancelled,at_risk
SO-005182,201,Harbourline Logistics Inc,EMEA,2026-07-09,Dock leveller,3,183.36,550.08,completed,completed
SO-005080,396,Marlowe Chemicals GmbH,EMEA,2026-07-09,Cold-chain container,1,947.21,947.21,completed,completed
SO-004599,5,Summit Logistics Ltd,North America,2026-07-09,Sorting arm,20,516.49,10329.80,completed,completed
SO-004896,209,Meridian Logistics BV,UK & Ireland,2026-07-09,Label printer,17,476.72,8104.24,cancelled,at_risk
SO-004598,1,Harbourline Logistics Ltd,EMEA,2026-07-09,Safety cage,19,941.04,17879.76,completed,completed
SO-004839,32,Pinehurst Foods BV,LATAM,2026-07-09,Conveyor belt,10,904.12,9041.20,cancelled,at_risk
SO-004706,3,Blue Ridge Logistics Ltd,APAC,2026-07-09,Dock leveller,2,860.75,1721.50,completed,completed
SO-004796,36,Marlowe Foods Ltd,EMEA,2026-07-09,Pallet rack,17,262.50,4462.50,completed,completed
SO-004704,94,Alderway Medical Inc,UK & Ireland,2026-07-09,Shrink wrapper,25,192.14,4803.50,completed,completed
SO-004681,25,Summit Foods Inc,North America,2026-07-09,Handheld terminal,2,747.55,1495.10,completed,completed
SO-004855,48,Granite Analytics GmbH,APAC,2026-07-09,Barcode scanner,1,850.75,850.75,cancelled,at_risk
SO-004642,47,Kestrel Analytics GmbH,LATAM,2026-07-09,Pallet rack,13,821.37,10677.81,pending,at_risk
SO-005165,25,Summit Foods Inc,North America,2026-07-09,Forklift battery,11,138.42,1522.62,cancelled,at_risk
SO-005100,83,Blue Ridge Medical GmbH,APAC,2026-07-10,Strapping machine,21,605.85,12722.85,pending,at_risk
SO-005160,431,Sablewood Foods GmbH,EMEA,2026-07-10,Pallet rack,6,91.17,547.02,completed,completed
SO-004659,1,Harbourline Logistics Ltd,EMEA,2026-07-10,Barcode scanner,5,646.98,3234.90,completed,completed
SO-005222,147,Kestrel Ceramics GmbH,LATAM,2026-07-10,Shrink wrapper,18,183.24,3298.32,cancelled,at_risk
SO-004544,17,Ravensgate Logistics SA,LATAM,2026-07-10,Pallet rack,15,280.48,4207.20,pending,at_risk
SO-005166,1,Harbourline Logistics Ltd,EMEA,2026-07-10,Shrink wrapper,12,18.33,219.96,cancelled,at_risk
SO-004994,69,Meridian Textiles BV,UK & Ireland,2026-07-10,Label printer,15,474.55,7118.25,completed,completed
SO-005213,147,Kestrel Ceramics GmbH,LATAM,2026-07-10,Handheld terminal,9,880.37,7923.33,pending,at_risk
SO-004616,41,Harbourline Analytics Ltd,EMEA,2026-07-10,Label printer,12,520.00,6240.00,completed,completed
SO-004758,57,Ravensgate Analytics Inc,LATAM,2026-07-10,Cold-chain container,4,821.41,3285.64,completed,completed
SO-004684,1,Harbourline Logistics Ltd,EMEA,2026-07-10,Pallet rack,5,798.97,3994.85,cancelled,at_risk
SO-004816,65,Summit Textiles BV,North America,2026-07-10,Shrink wrapper,12,111.97,1343.64,completed,completed
SO-004700,262,Cedarcrest Textiles SA,LATAM,2026-07-10,Label printer,21,491.14,10313.94,completed,completed
SO-004622,192,Pinehurst Chemicals SA,LATAM,2026-07-10,Dock leveller,18,878.11,15805.98,cancelled,at_risk
SO-004651,48,Granite Analytics GmbH,APAC,2026-07-10,Tote bin,22,904.76,19904.72,completed,completed
SO-004913,456,Marlowe Analytics Ltd,EMEA,2026-07-10,Forklift battery,9,165.81,1492.29,completed,completed
SO-005062,144,Ironvale Ceramics Ltd,UK & Ireland,2026-07-10,Pallet rack,8,355.29,2842.32,completed,completed
SO-004890,155,Copperfield Ceramics SA,North America,2026-07-10,Strapping machine,11,842.55,9268.05,pending,at_risk
SO-004744,70,Foxglove Textiles Ltd,North America,2026-07-10,Cold-chain container,15,305.03,4575.45,cancelled,at_risk
SO-005054,3,Blue Ridge Logistics Ltd,APAC,2026-07-10,Shrink wrapper,25,903.66,22591.50,pending,at_risk
SO-004944,9,Meridian Logistics GmbH,UK & Ireland,2026-07-10,Dock leveller,15,360.58,5408.70,completed,completed
SO-005136,50,Foxglove Analytics SA,North America,2026-07-10,Cold-chain container,7,927.99,6495.93,completed,completed
SO-004617,56,Marlowe Analytics Inc,EMEA,2026-07-10,Barcode scanner,13,522.10,6787.30,pending,at_risk
SO-005123,1,Harbourline Logistics Ltd,EMEA,2026-07-10,Forklift battery,19,918.28,17447.32,completed,completed
SO-004927,112,Pinehurst Robotics GmbH,LATAM,2026-07-10,Forklift battery,23,752.42,17305.66,completed,completed
SO-005078,2,Cedarcrest Logistics Ltd,LATAM,2026-07-10,Label printer,24,738.55,17725.20,cancelled,at_risk
SO-004787,158,Thistledown Ceramics SA,APAC,2026-07-10,Forklift battery,8,900.33,7202.64,completed,completed
SO-004824,79,Windermere Textiles GmbH,UK & Ireland,2026-07-11,Pallet rack,20,139.41,2788.20,completed,completed
SO-005051,15,Copperfield Logistics SA,North America,2026-07-11,Barcode scanner,22,163.29,3592.38,pending,at_risk
SO-004590,55,Copperfield Analytics SA,North America,2026-07-11,Cold-chain container,11,425.60,4681.60,completed,completed
SO-004876,4,Ironvale Logistics Ltd,UK & Ireland,2026-07-11,Strapping machine,22,244.03,5368.66,completed,completed
SO-004535,241,Harbourline Analytics BV,EMEA,2026-07-11,Forklift battery,6,105.12,630.72,completed,completed
SO-004840,334,Alderway Freight SA,UK & Ireland,2026-07-11,Label printer,11,936.42,10300.62,pending,at_risk
SO-004594,1,Harbourline Logistics Ltd,EMEA,2026-07-11,Dock leveller,15,670.88,10063.20,cancelled,at_risk
SO-004900,9,Meridian Logistics GmbH,UK & Ireland,2026-07-11,Shrink wrapper,21,942.90,19800.90,completed,completed
SO-005106,1,Harbourline Logistics Ltd,EMEA,2026-07-11,Label printer,2,640.37,1280.74,completed,completed
SO-004831,16,Marlowe Logistics SA,EMEA,2026-07-11,Weighing station,2,589.14,1178.28,completed,completed
SO-004898,139,Windermere Freight BV,UK & Ireland,2026-07-11,Cold-chain container,19,355.93,6762.67,pending,at_risk
SO-005204,197,Ravensgate Chemicals Inc,LATAM,2026-07-11,Label printer,25,129.92,3248.00,completed,completed
SO-004652,95,Copperfield Medical Inc,North America,2026-07-11,Strapping machine,23,252.23,5801.29,cancelled,at_risk
SO-005215,177,Ravensgate Instruments Ltd,LATAM,2026-07-11,Sorting arm,11,890.68,9797.48,completed,completed
SO-004586,80,Northwind Medical GmbH,North America,2026-07-11,Pallet rack,7,711.04,4977.28,completed,completed
SO-004661,106,Lakeshore Robotics Ltd,EMEA,2026-07-11,Forklift battery,7,818.38,5728.66,pending,at_risk
SO-004560,1,Harbourline Logistics Ltd,EMEA,2026-07-11,Label printer,6,836.63,5019.78,completed,completed
SO-004547,121,Harbourline Freight SA,EMEA,2026-07-11,Barcode scanner,18,761.65,13709.70,cancelled,at_risk
SO-004891,122,Cedarcrest Freight SA,LATAM,2026-07-11,Handheld terminal,12,838.86,10066.32,completed,completed
SO-004623,46,Lakeshore Analytics GmbH,EMEA,2026-07-11,Tote bin,19,875.81,16640.39,pending,at_risk
SO-004557,68,Granite Textiles BV,APAC,2026-07-11,Sorting arm,3,695.04,2085.12,pending,at_risk
SO-004595,40,Northwind Analytics Ltd,North America,2026-07-11,Tote bin,16,290.36,4645.76,completed,completed
SO-004588,86,Lakeshore Medical SA,EMEA,2026-07-11,Label printer,9,518.13,4663.17,completed,completed
SO-004630,327,Kestrel Freight GmbH,LATAM,2026-07-11,Label printer,1,168.13,168.13,completed,completed
SO-004633,29,Meridian Foods BV,UK & Ireland,2026-07-11,Forklift battery,4,401.70,1606.80,completed,completed
SO-004942,9,Meridian Logistics GmbH,UK & Ireland,2026-07-11,Shrink wrapper,13,380.43,4945.59,completed,completed
SO-004611,11,Sablewood Logistics GmbH,EMEA,2026-07-11,Handheld terminal,7,620.78,4345.46,pending,at_risk
SO-005147,103,Blue Ridge Robotics BV,APAC,2026-07-11,Conveyor belt,18,696.14,12530.52,pending,at_risk
SO-004728,43,Blue Ridge Analytics GmbH,APAC,2026-07-11,Label printer,24,267.72,6425.28,completed,completed
SO-004987,390,Foxglove Chemicals Ltd,North America,2026-07-11,Tote bin,8,511.50,4092.00,pending,at_risk
SO-004748,1,Harbourline Logistics Ltd,EMEA,2026-07-11,Dock leveller,19,552.95,10506.05,cancelled,at_risk
SO-004692,374,Alderway Instruments Inc,UK & Ireland,2026-07-11,Dock leveller,13,135.87,1766.31,completed,completed
SO-004960,28,Granite Foods BV,APAC,2026-07-11,Strapping machine,6,268.15,1608.90,completed,completed
SO-004813,68,Granite Textiles BV,APAC,2026-07-11,Barcode scanner,9,642.88,5785.92,completed,completed
SO-004688,326,Lakeshore Freight GmbH,EMEA,2026-07-11,Cold-chain container,9,189.29,1703.61,completed,completed
SO-004951,5,Summit Logistics Ltd,North America,2026-07-11,Conveyor belt,22,458.98,10097.56,cancelled,at_risk
SO-005003,321,Harbourline Freight Ltd,EMEA,2026-07-11,Handheld terminal,24,439.85,10556.40,completed,completed
SO-005168,41,Harbourline Analytics Ltd,EMEA,2026-07-11,Dock leveller,14,440.81,6171.34,cancelled,at_risk
SO-005006,28,Granite Foods BV,APAC,2026-07-12,Pallet rack,2,801.48,1602.96,completed,completed
SO-004883,111,Sablewood Robotics Ltd,EMEA,2026-07-12,Barcode scanner,4,235.41,941.64,completed,completed
SO-004608,68,Granite Textiles BV,APAC,2026-07-12,Dock leveller,4,633.99,2535.96,completed,completed
SO-004997,12,Pinehurst Logistics GmbH,LATAM,2026-07-12,Forklift battery,18,95.83,1724.94,completed,completed
SO-004566,268,Granite Textiles Inc,APAC,2026-07-12,Dock leveller,12,117.55,1410.60,completed,completed
SO-004832,60,Northwind Textiles Inc,North America,2026-07-12,Dock leveller,3,907.99,2723.97,cancelled,at_risk
SO-004589,1,Harbourline Logistics Ltd,EMEA,2026-07-12,Barcode scanner,10,901.62,9016.20,completed,completed
SO-004836,31,Sablewood Foods BV,EMEA,2026-07-12,Safety cage,7,69.56,486.92,completed,completed
SO-004929,76,Marlowe Textiles Ltd,EMEA,2026-07-12,Weighing station,25,753.43,18835.75,cancelled,at_risk
SO-004653,109,Meridian Robotics Ltd,UK & Ireland,2026-07-12,Handheld terminal,24,530.63,12735.12,completed,completed
SO-004559,26,Lakeshore Foods Inc,EMEA,2026-07-12,Conveyor belt,5,602.67,3013.35,completed,completed
SO-004811,16,Marlowe Logistics SA,EMEA,2026-07-12,Conveyor belt,7,663.60,4645.20,cancelled,at_risk
SO-005177,3,Blue Ridge Logistics Ltd,APAC,2026-07-12,Barcode scanner,23,422.62,9720.26,completed,completed
SO-004802,28,Granite Foods BV,APAC,2026-07-12,Shrink wrapper,23,951.34,21880.82,cancelled,at_risk
SO-005064,1,Harbourline Logistics Ltd,EMEA,2026-07-12,Label printer,10,472.59,4725.90,completed,completed
SO-004710,342,Cedarcrest Ceramics Inc,LATAM,2026-07-12,Safety cage,6,329.47,1976.82,completed,completed
SO-004966,4,Ironvale Logistics Ltd,UK & Ireland,2026-07-12,Label printer,12,866.26,10395.12,cancelled,at_risk
SO-005162,8,Granite Logistics GmbH,APAC,2026-07-12,Label printer,8,248.05,1984.40,pending,at_risk
SO-004943,5,Summit Logistics Ltd,North America,2026-07-12,Weighing station,14,774.75,10846.50,cancelled,at_risk
SO-005169,1,Harbourline Logistics Ltd,EMEA,2026-07-12,Tote bin,15,37.25,558.75,completed,completed
SO-004937,1,Harbourline Logistics Ltd,EMEA,2026-07-12,Conveyor belt,8,532.13,4257.04,completed,completed
SO-004605,393,Silverbrook Chemicals GmbH,APAC,2026-07-12,Forklift battery,1,442.27,442.27,completed,completed
SO-005090,205,Summit Logistics BV,North America,2026-07-12,Pallet rack,11,283.95,3123.45,completed,completed
SO-005013,484,Ironvale Medical BV,UK & Ireland,2026-07-12,Weighing station,9,578.53,5206.77,completed,completed
SO-004785,326,Lakeshore Freight GmbH,EMEA,2026-07-12,Barcode scanner,6,395.92,2375.52,completed,completed
SO-004870,14,Alderway Logistics SA,UK & Ireland,2026-07-12,Cold-chain container,16,172.28,2756.48,completed,completed
SO-005070,129,Meridian Freight Inc,UK & Ireland,2026-07-12,Dock leveller,16,901.70,14427.20,completed,completed
SO-004940,369,Meridian Instruments SA,UK & Ireland,2026-07-12,Cold-chain container,11,253.84,2792.24,pending,at_risk
SO-005043,267,Kestrel Textiles Inc,LATAM,2026-07-12,Tote bin,14,163.91,2294.74,completed,completed
SO-004804,14,Alderway Logistics SA,UK & Ireland,2026-07-12,Dock leveller,25,521.50,13037.50,pending,at_risk
SO-004555,3,Blue Ridge Logistics Ltd,APAC,2026-07-12,Handheld terminal,1,33.97,33.97,completed,completed
SO-005195,84,Ironvale Medical SA,UK & Ireland,2026-07-12,Weighing station,16,521.13,8338.08,completed,completed
SO-005230,496,Marlowe Medical Ltd,EMEA,2026-07-13,Pallet rack,1,856.91,856.91,completed,completed
SO-005145,2,Cedarcrest Logistics Ltd,LATAM,2026-07-13,Sorting arm,16,766.01,12256.16,cancelled,at_risk
SO-004797,140,Northwind Ceramics Ltd,North America,2026-07-13,Conveyor belt,18,501.94,9034.92,completed,completed
SO-005028,2,Cedarcrest Logistics Ltd,LATAM,2026-07-13,Dock leveller,24,497.14,11931.36,pending,at_risk
SO-005121,45,Summit Analytics GmbH,North America,2026-07-13,Barcode scanner,17,348.24,5920.08,completed,completed
SO-004782,7,Kestrel Logistics GmbH,LATAM,2026-07-13,Pallet rack,3,433.82,1301.46,completed,completed
SO-004584,1,Harbourline Logistics Ltd,EMEA,2026-07-13,Safety cage,5,377.89,1889.45,completed,completed
SO-004962,24,Ironvale Foods Inc,UK & Ireland,2026-07-13,Safety cage,8,517.38,4139.04,cancelled,at_risk
SO-004585,1,Harbourline Logistics Ltd,EMEA,2026-07-13,Sorting arm,6,950.42,5702.52,pending,at_risk
SO-005228,229,Meridian Foods SA,UK & Ireland,2026-07-13,Safety cage,24,469.68,11272.32,pending,at_risk
SO-005002,343,Blue Ridge Ceramics BV,APAC,2026-07-13,Strapping machine,23,857.03,19711.69,cancelled,at_risk
SO-004727,44,Ironvale Analytics GmbH,UK & Ireland,2026-07-13,Conveyor belt,23,391.88,9013.24,pending,at_risk
SO-004643,3,Blue Ridge Logistics Ltd,APAC,2026-07-13,Conveyor belt,14,667.55,9345.70,pending,at_risk
SO-004938,282,Cedarcrest Medical Ltd,LATAM,2026-07-13,Label printer,9,63.14,568.26,pending,at_risk
SO-004843,27,Kestrel Foods Inc,LATAM,2026-07-13,Forklift battery,14,743.07,10402.98,pending,at_risk
SO-005158,1,Harbourline Logistics Ltd,EMEA,2026-07-13,Safety cage,4,312.39,1249.56,completed,completed
SO-004976,253,Silverbrook Analytics GmbH,APAC,2026-07-13,Safety cage,22,924.01,20328.22,pending,at_risk
SO-005110,463,Blue Ridge Textiles GmbH,APAC,2026-07-13,Shrink wrapper,6,262.88,1577.28,completed,completed
SO-004981,3,Blue Ridge Logistics Ltd,APAC,2026-07-13,Barcode scanner,2,332.04,664.08,completed,completed
SO-004737,64,Ironvale Textiles BV,UK & Ireland,2026-07-13,Handheld terminal,8,761.62,6092.96,completed,completed
SO-005031,1,Harbourline Logistics Ltd,EMEA,2026-07-13,Handheld terminal,2,869.72,1739.44,completed,completed
SO-005094,96,Marlowe Medical Inc,EMEA,2026-07-13,Cold-chain container,15,174.68,2620.20,pending,at_risk
SO-004749,5,Summit Logistics Ltd,North America,2026-07-13,Tote bin,20,60.61,1212.20,completed,completed
SO-004823,24,Ironvale Foods Inc,UK & Ireland,2026-07-14,Sorting arm,19,653.28,12412.32,completed,completed
SO-004905,1,Harbourline Logistics Ltd,EMEA,2026-07-14,Handheld terminal,1,792.11,792.11,completed,completed
SO-005146,6,Lakeshore Logistics Ltd,EMEA,2026-07-14,Pallet rack,17,921.38,15663.46,cancelled,at_risk
SO-005114,3,Blue Ridge Logistics Ltd,APAC,2026-07-14,Strapping machine,10,563.72,5637.20,completed,completed
SO-005066,262,Cedarcrest Textiles SA,LATAM,2026-07-14,Cold-chain container,12,113.23,1358.76,completed,completed
SO-004972,1,Harbourline Logistics Ltd,EMEA,2026-07-14,Dock leveller,18,221.03,3978.54,completed,completed
SO-005026,1,Harbourline Logistics Ltd,EMEA,2026-07-14,Shrink wrapper,22,502.56,11056.32,completed,completed
SO-004564,68,Granite Textiles BV,APAC,2026-07-14,Shrink wrapper,10,249.37,2493.70,completed,completed
SO-004683,2,Cedarcrest Logistics Ltd,LATAM,2026-07-14,Sorting arm,4,889.91,3559.64,completed,completed
SO-004877,1,Harbourline Logistics Ltd,EMEA,2026-07-14,Handheld terminal,23,453.61,10433.03,completed,completed
SO-004546,62,Cedarcrest Textiles Inc,LATAM,2026-07-14,Label printer,17,516.11,8773.87,cancelled,at_risk
SO-004756,59,Windermere Analytics Inc,UK & Ireland,2026-07-14,Label printer,2,682.10,1364.20,completed,completed
SO-004935,47,Kestrel Analytics GmbH,LATAM,2026-07-14,Sorting arm,6,621.62,3729.72,completed,completed
SO-004807,1,Harbourline Logistics Ltd,EMEA,2026-07-14,Handheld terminal,3,251.56,754.68,completed,completed
SO-005187,71,Sablewood Textiles Ltd,EMEA,2026-07-14,Sorting arm,8,657.08,5256.64,pending,at_risk
SO-005131,349,Meridian Ceramics BV,UK & Ireland,2026-07-14,Sorting arm,2,223.39,446.78,completed,completed
SO-004772,439,Windermere Foods SA,UK & Ireland,2026-07-14,Cold-chain container,18,873.94,15730.92,completed,completed
SO-004908,4,Ironvale Logistics Ltd,UK & Ireland,2026-07-14,Pallet rack,4,249.48,997.92,completed,completed
SO-004570,158,Thistledown Ceramics SA,APAC,2026-07-14,Safety cage,16,751.73,12027.68,cancelled,at_risk
SO-005171,16,Marlowe Logistics SA,EMEA,2026-07-15,Handheld terminal,17,374.00,6358.00,pending,at_risk
SO-005063,1,Harbourline Logistics Ltd,EMEA,2026-07-15,Conveyor belt,9,847.90,7631.10,cancelled,at_risk
SO-005137,121,Harbourline Freight SA,EMEA,2026-07-15,Forklift battery,8,808.88,6471.04,pending,at_risk
SO-005105,22,Cedarcrest Foods Inc,LATAM,2026-07-15,Conveyor belt,1,212.05,212.05,completed,completed
SO-004845,3,Blue Ridge Logistics Ltd,APAC,2026-07-15,Weighing station,16,482.37,7717.92,completed,completed
SO-004919,419,Windermere Logistics BV,UK & Ireland,2026-07-15,Handheld terminal,15,406.57,6098.55,pending,at_risk
SO-004851,21,Harbourline Foods Inc,EMEA,2026-07-15,Sorting arm,22,29.99,659.78,completed,completed
SO-004866,314,Alderway Robotics BV,UK & Ireland,2026-07-15,Pallet rack,12,130.40,1564.80,completed,completed
SO-005086,141,Harbourline Ceramics Ltd,EMEA,2026-07-15,Strapping machine,7,925.32,6477.24,pending,at_risk
SO-004765,1,Harbourline Logistics Ltd,EMEA,2026-07-15,Handheld terminal,11,113.00,1243.00,completed,completed
SO-005155,164,Ironvale Instruments Inc,UK & Ireland,2026-07-15,Tote bin,1,288.13,288.13,completed,completed
SO-004673,5,Summit Logistics Ltd,North America,2026-07-15,Barcode scanner,19,613.13,11649.47,completed,completed
SO-005042,102,Cedarcrest Robotics BV,LATAM,2026-07-15,Dock leveller,13,167.03,2171.39,completed,completed
SO-004980,1,Harbourline Logistics Ltd,EMEA,2026-07-15,Label printer,1,457.32,457.32,completed,completed
SO-004716,134,Alderway Freight BV,UK & Ireland,2026-07-15,Cold-chain container,12,43.64,523.68,completed,completed
SO-004695,116,Marlowe Robotics GmbH,EMEA,2026-07-15,Handheld terminal,16,520.64,8330.24,pending,at_risk
SO-004775,370,Foxglove Instruments SA,North America,2026-07-15,Weighing station,21,499.39,10487.19,cancelled,at_risk
SO-004956,122,Cedarcrest Freight SA,LATAM,2026-07-15,Shrink wrapper,2,136.96,273.92,completed,completed
SO-005104,4,Ironvale Logistics Ltd,UK & Ireland,2026-07-15,Pallet rack,25,436.15,10903.75,completed,completed
SO-004670,49,Meridian Analytics SA,UK & Ireland,2026-07-15,Pallet rack,16,682.22,10915.52,pending,at_risk
SO-004532,1,Harbourline Logistics Ltd,EMEA,2026-07-15,Label printer,3,141.10,423.30,completed,completed
SO-005149,365,Summit Instruments SA,North America,2026-07-15,Barcode scanner,20,68.63,1372.60,pending,at_risk
SO-005216,19,Windermere Logistics SA,UK & Ireland,2026-07-15,Pallet rack,12,137.39,1648.68,completed,completed
SO-004579,130,Foxglove Freight Inc,North America,2026-07-15,Weighing station,25,593.11,14827.75,completed,completed
SO-005214,134,Alderway Freight BV,UK & Ireland,2026-07-16,Safety cage,10,302.28,3022.80,pending,at_risk
SO-005219,395,Copperfield Chemicals GmbH,North America,2026-07-16,Barcode scanner,15,790.31,11854.65,completed,completed
SO-004541,242,Cedarcrest Analytics BV,LATAM,2026-07-16,Handheld terminal,12,360.28,4323.36,completed,completed
SO-004610,433,Silverbrook Foods GmbH,APAC,2026-07-16,Strapping machine,6,250.10,1500.60,completed,completed
SO-004934,8,Granite Logistics GmbH,APAC,2026-07-16,Safety cage,5,428.02,2140.10,completed,completed
SO-004779,285,Summit Medical Ltd,North America,2026-07-16,Handheld terminal,25,31.92,798.00,completed,completed
SO-004953,5,Summit Logistics Ltd,North America,2026-07-16,Barcode scanner,24,87.01,2088.24,cancelled,at_risk
SO-004959,21,Harbourline Foods Inc,EMEA,2026-07-16,Tote bin,5,452.21,2261.05,cancelled,at_risk
SO-004741,21,Harbourline Foods Inc,EMEA,2026-07-16,Conveyor belt,12,694.84,8338.08,cancelled,at_risk
SO-005015,20,Northwind Foods SA,North America,2026-07-16,Tote bin,11,568.88,6257.68,completed,completed
SO-005140,8,Granite Logistics GmbH,APAC,2026-07-16,Dock leveller,11,354.93,3904.23,pending,at_risk
SO-005127,1,Harbourline Logistics Ltd,EMEA,2026-07-16,Tote bin,23,866.08,19919.84,completed,completed
SO-004872,171,Sablewood Instruments BV,EMEA,2026-07-16,Shrink wrapper,18,925.45,16658.10,cancelled,at_risk
SO-005059,80,Northwind Medical GmbH,North America,2026-07-16,Handheld terminal,5,54.85,274.25,completed,completed
SO-004691,472,Pinehurst Textiles SA,LATAM,2026-07-16,Weighing station,12,921.61,11059.32,pending,at_risk
SO-004660,2,Cedarcrest Logistics Ltd,LATAM,2026-07-16,Cold-chain container,6,141.43,848.58,completed,completed
SO-004769,8,Granite Logistics GmbH,APAC,2026-07-16,Conveyor belt,15,776.50,11647.50,cancelled,at_risk
SO-004553,19,Windermere Logistics SA,UK & Ireland,2026-07-16,Tote bin,24,80.30,1927.20,completed,completed
SO-005034,187,Kestrel Chemicals GmbH,LATAM,2026-07-16,Pallet rack,5,444.28,2221.40,pending,at_risk
SO-004698,371,Sablewood Instruments Inc,EMEA,2026-07-16,Pallet rack,19,711.31,13514.89,pending,at_risk
SO-004714,385,Summit Chemicals Ltd,North America,2026-07-16,Label printer,10,888.39,8883.90,completed,completed
SO-004603,398,Thistledown Chemicals GmbH,APAC,2026-07-16,Barcode scanner,24,749.95,17998.80,pending,at_risk
SO-005148,8,Granite Logistics GmbH,APAC,2026-07-16,Label printer,19,131.21,2492.99,completed,completed
SO-005167,28,Granite Foods BV,APAC,2026-07-16,Weighing station,13,439.85,5718.05,cancelled,at_risk
SO-004801,199,Windermere Chemicals Inc,UK & Ireland,2026-07-16,Forklift battery,22,609.79,13415.38,pending,at_risk
SO-004655,335,Copperfield Freight SA,North America,2026-07-16,Sorting arm,1,742.86,742.86,completed,completed
SO-004753,67,Kestrel Textiles BV,LATAM,2026-07-16,Sorting arm,24,185.63,4455.12,pending,at_risk
SO-004552,141,Harbourline Ceramics Ltd,EMEA,2026-07-16,Dock leveller,23,347.01,7981.23,completed,completed
SO-004713,140,Northwind Ceramics Ltd,North America,2026-07-16,Conveyor belt,9,627.23,5645.07,completed,completed
SO-004620,5,Summit Logistics Ltd,North America,2026-07-16,Shrink wrapper,16,552.66,8842.56,cancelled,at_risk
SO-004989,1,Harbourline Logistics Ltd,EMEA,2026-07-16,Handheld terminal,10,332.15,3321.50,completed,completed
SO-004826,36,Marlowe Foods Ltd,EMEA,2026-07-16,Label printer,22,182.90,4023.80,completed,completed
SO-004946,338,Thistledown Freight Inc,APAC,2026-07-16,Strapping machine,17,693.51,11789.67,cancelled,at_risk
SO-005133,21,Harbourline Foods Inc,EMEA,2026-07-16,Conveyor belt,4,502.93,2011.72,completed,completed
SO-004645,1,Harbourline Logistics Ltd,EMEA,2026-07-16,Barcode scanner,16,402.37,6437.92,cancelled,at_risk
SO-004597,439,Windermere Foods SA,UK & Ireland,2026-07-17,Handheld terminal,18,742.23,13360.14,pending,at_risk
SO-004835,290,Foxglove Medical GmbH,North America,2026-07-17,Handheld terminal,6,808.11,4848.66,completed,completed
SO-004770,7,Kestrel Logistics GmbH,LATAM,2026-07-17,Label printer,16,216.97,3471.52,completed,completed
SO-004619,408,Granite Logistics Inc,APAC,2026-07-17,Forklift battery,15,335.91,5038.65,completed,completed
SO-004676,418,Thistledown Logistics BV,APAC,2026-07-17,Shrink wrapper,22,416.61,9165.42,completed,completed
SO-004572,43,Blue Ridge Analytics GmbH,APAC,2026-07-17,Pallet rack,18,556.96,10025.28,completed,completed
SO-004649,118,Thistledown Robotics GmbH,APAC,2026-07-17,Weighing station,20,213.93,4278.60,completed,completed
SO-004986,94,Alderway Medical Inc,UK & Ireland,2026-07-17,Dock leveller,7,562.28,3935.96,completed,completed
SO-005047,108,Granite Robotics Ltd,APAC,2026-07-17,Sorting arm,18,910.96,16397.28,cancelled,at_risk
SO-004771,115,Copperfield Robotics GmbH,North America,2026-07-17,Barcode scanner,17,391.14,6649.38,pending,at_risk
SO-004668,409,Meridian Logistics Inc,UK & Ireland,2026-07-17,Safety cage,14,759.39,10631.46,pending,at_risk
SO-004537,346,Lakeshore Ceramics BV,EMEA,2026-07-17,Weighing station,8,801.36,6410.88,completed,completed
SO-004853,280,Northwind Medical Ltd,North America,2026-07-17,Conveyor belt,24,277.05,6649.20,completed,completed
SO-004722,2,Cedarcrest Logistics Ltd,LATAM,2026-07-17,Strapping machine,18,422.57,7606.26,completed,completed
SO-004909,110,Foxglove Robotics Ltd,North America,2026-07-17,Conveyor belt,5,253.62,1268.10,completed,completed
SO-005225,7,Kestrel Logistics GmbH,LATAM,2026-07-17,Tote bin,21,844.45,17733.45,cancelled,at_risk
SO-004625,8,Granite Logistics GmbH,APAC,2026-07-17,Handheld terminal,21,309.92,6508.32,completed,completed
SO-005049,268,Granite Textiles Inc,APAC,2026-07-17,Conveyor belt,20,597.98,11959.60,completed,completed
SO-005156,397,Ravensgate Chemicals GmbH,LATAM,2026-07-17,Strapping machine,2,445.59,891.18,pending,at_risk
SO-004767,52,Pinehurst Analytics SA,LATAM,2026-07-18,Sorting arm,13,592.31,7700.03,completed,completed
SO-005221,53,Silverbrook Analytics SA,APAC,2026-07-18,Forklift battery,17,305.14,5187.38,pending,at_risk
SO-005010,244,Ironvale Analytics BV,UK & Ireland,2026-07-18,Cold-chain container,6,752.05,4512.30,completed,completed
SO-005157,1,Harbourline Logistics Ltd,EMEA,2026-07-18,Handheld terminal,3,560.73,1682.19,completed,completed
SO-005126,217,Ravensgate Logistics GmbH,LATAM,2026-07-18,Dock leveller,22,334.42,7357.24,completed,completed
SO-005124,148,Granite Ceramics GmbH,APAC,2026-07-18,Shrink wrapper,20,53.58,1071.60,completed,completed
SO-004596,43,Blue Ridge Analytics GmbH,APAC,2026-07-18,Strapping machine,17,273.52,4649.84,cancelled,at_risk
SO-005011,106,Lakeshore Robotics Ltd,EMEA,2026-07-18,Forklift battery,7,826.88,5788.16,pending,at_risk
SO-004709,1,Harbourline Logistics Ltd,EMEA,2026-07-18,Handheld terminal,5,278.71,1393.55,completed,completed
SO-004904,182,Cedarcrest Chemicals GmbH,LATAM,2026-07-18,Strapping machine,25,424.85,10621.25,cancelled,at_risk
SO-004964,288,Granite Medical GmbH,APAC,2026-07-18,Pallet rack,10,331.02,3310.20,completed,completed
SO-004682,3,Blue Ridge Logistics Ltd,APAC,2026-07-18,Safety cage,3,419.00,1257.00,completed,completed
SO-005179,157,Ravensgate Ceramics SA,LATAM,2026-07-18,Forklift battery,25,207.91,5197.75,pending,at_risk
SO-005079,18,Thistledown Logistics SA,APAC,2026-07-18,Barcode scanner,25,86.32,2158.00,cancelled,at_risk
SO-004558,28,Granite Foods BV,APAC,2026-07-18,Pallet rack,4,706.29,2825.16,pending,at_risk
SO-004850,61,Harbourline Textiles Inc,EMEA,2026-07-18,Safety cage,21,416.77,8752.17,cancelled,at_risk
SO-005224,100,Northwind Robotics BV,North America,2026-07-18,Dock leveller,20,741.62,14832.40,completed,completed
SO-005065,54,Alderway Analytics SA,UK & Ireland,2026-07-18,Barcode scanner,11,225.98,2485.78,completed,completed
SO-004536,170,Foxglove Instruments BV,North America,2026-07-18,Shrink wrapper,7,762.53,5337.71,completed,completed
SO-004601,1,Harbourline Logistics Ltd,EMEA,2026-07-18,Conveyor belt,22,256.01,5632.22,completed,completed
SO-004857,5,Summit Logistics Ltd,North America,2026-07-18,Forklift battery,3,581.42,1744.26,completed,completed
SO-004899,18,Thistledown Logistics SA,APAC,2026-07-18,Forklift battery,20,195.12,3902.40,completed,completed
SO-005217,30,Foxglove Foods BV,North America,2026-07-18,Conveyor belt,13,160.92,2091.96,completed,completed
SO-005220,421,Harbourline Foods Ltd,EMEA,2026-07-18,Cold-chain container,16,951.95,15231.20,cancelled,at_risk
SO-004949,162,Cedarcrest Instruments Inc,LATAM,2026-07-18,Sorting arm,20,387.49,7749.80,pending,at_risk
SO-004666,48,Granite Analytics GmbH,APAC,2026-07-18,Strapping machine,12,22.44,269.28,completed,completed
SO-005093,1,Harbourline Logistics Ltd,EMEA,2026-07-19,Barcode scanner,14,629.70,8815.80,pending,at_risk
SO-005150,389,Meridian Chemicals Ltd,UK & Ireland,2026-07-19,Cold-chain container,21,720.65,15133.65,pending,at_risk
SO-004568,4,Ironvale Logistics Ltd,UK & Ireland,2026-07-19,Strapping machine,14,471.56,6601.84,completed,completed
SO-005202,1,Harbourline Logistics Ltd,EMEA,2026-07-19,Pallet rack,23,532.34,12243.82,cancelled,at_risk
SO-004614,1,Harbourline Logistics Ltd,EMEA,2026-07-19,Pallet rack,10,83.51,835.10,cancelled,at_risk
SO-004752,1,Harbourline Logistics Ltd,EMEA,2026-07-19,Safety cage,23,643.57,14802.11,pending,at_risk
SO-004719,26,Lakeshore Foods Inc,EMEA,2026-07-19,Weighing station,15,603.45,9051.75,completed,completed
SO-004674,499,Windermere Medical GmbH,UK & Ireland,2026-07-19,Cold-chain container,20,955.35,19107.00,pending,at_risk
SO-004720,109,Meridian Robotics Ltd,UK & Ireland,2026-07-19,Dock leveller,16,885.39,14166.24,completed,completed
SO-004830,48,Granite Analytics GmbH,APAC,2026-07-19,Shrink wrapper,1,472.87,472.87,completed,completed
SO-005089,1,Harbourline Logistics Ltd,EMEA,2026-07-19,Sorting arm,10,333.13,3331.30,completed,completed
SO-004926,34,Alderway Foods BV,UK & Ireland,2026-07-19,Cold-chain container,22,36.52,803.44,completed,completed
SO-004985,323,Blue Ridge Freight GmbH,APAC,2026-07-19,Weighing station,6,102.19,613.14,completed,completed
SO-004715,6,Lakeshore Logistics Ltd,EMEA,2026-07-19,Barcode scanner,11,799.21,8791.31,pending,at_risk
SO-004762,233,Silverbrook Foods Inc,APAC,2026-07-19,Dock leveller,8,280.36,2242.88,completed,completed
SO-004672,190,Foxglove Chemicals SA,North America,2026-07-19,Label printer,18,375.53,6759.54,cancelled,at_risk
SO-005081,98,Thistledown Medical BV,APAC,2026-07-19,Forklift battery,2,754.33,1508.66,completed,completed
SO-004592,2,Cedarcrest Logistics Ltd,LATAM,2026-07-19,Shrink wrapper,13,570.43,7415.59,pending,at_risk
SO-004556,309,Meridian Robotics BV,UK & Ireland,2026-07-19,Safety cage,2,828.08,1656.16,completed,completed
SO-004837,28,Granite Foods BV,APAC,2026-07-19,Sorting arm,8,735.32,5882.56,pending,at_risk
SO-004967,135,Copperfield Freight BV,North America,2026-07-19,Barcode scanner,13,163.42,2124.46,pending,at_risk
SO-004860,11,Sablewood Logistics GmbH,EMEA,2026-07-19,Dock leveller,6,371.78,2230.68,completed,completed
SO-004609,139,Windermere Freight BV,UK & Ireland,2026-07-19,Tote bin,5,392.78,1963.90,completed,completed
SO-004859,6,Lakeshore Logistics Ltd,EMEA,2026-07-19,Weighing station,5,793.20,3966.00,completed,completed
SO-005116,1,Harbourline Logistics Ltd,EMEA,2026-07-20,Safety cage,12,388.75,4665.00,completed,completed
SO-004574,50,Foxglove Analytics SA,North America,2026-07-20,Label printer,20,306.70,6134.00,pending,at_risk
SO-004656,71,Sablewood Textiles Ltd,EMEA,2026-07-20,Pallet rack,2,336.40,672.80,completed,completed
SO-004978,1,Harbourline Logistics Ltd,EMEA,2026-07-20,Pallet rack,24,400.85,9620.40,pending,at_risk
SO-004736,35,Copperfield Foods Ltd,North America,2026-07-20,Strapping machine,7,77.34,541.38,pending,at_risk
SO-004734,264,Ironvale Textiles SA,UK & Ireland,2026-07-20,Dock leveller,5,317.25,1586.25,completed,completed
SO-004600,9,Meridian Logistics GmbH,UK & Ireland,2026-07-20,Pallet rack,21,35.38,742.98,completed,completed
SO-005142,157,Ravensgate Ceramics SA,LATAM,2026-07-20,Strapping machine,13,387.68,5039.84,completed,completed
SO-005211,196,Marlowe Chemicals Inc,EMEA,2026-07-20,Tote bin,7,625.73,4380.11,completed,completed
SO-005143,223,Blue Ridge Foods GmbH,APAC,2026-07-20,Handheld terminal,14,168.02,2352.28,completed,completed
SO-004922,225,Summit Foods SA,North America,2026-07-20,Pallet rack,18,472.66,8507.88,cancelled,at_risk
SO-005229,86,Lakeshore Medical SA,EMEA,2026-07-20,Sorting arm,25,871.59,21789.75,cancelled,at_risk
SO-004957,41,Harbourline Analytics Ltd,EMEA,2026-07-20,Weighing station,3,797.12,2391.36,completed,completed
SO-004694,23,Blue Ridge Foods Inc,APAC,2026-07-20,Strapping machine,15,580.02,8700.30,completed,completed
SO-005122,5,Summit Logistics Ltd,North America,2026-07-20,Cold-chain container,18,496.69,8940.42,pending,at_risk
SO-004931,1,Harbourline Logistics Ltd,EMEA,2026-07-20,Tote bin,2,508.30,1016.60,completed,completed
SO-004777,246,Lakeshore Analytics Ltd,EMEA,2026-07-20,Tote bin,23,175.07,4026.61,completed,completed
SO-004639,3,Blue Ridge Logistics Ltd,APAC,2026-07-20,Handheld terminal,10,910.14,9101.40,pending,at_risk
SO-004864,117,Ravensgate Robotics GmbH,LATAM,2026-07-20,Safety cage,10,722.91,7229.10,completed,completed
SO-004724,448,Granite Analytics BV,APAC,2026-07-20,Safety cage,20,277.18,5543.60,completed,completed
SO-004732,22,Cedarcrest Foods Inc,LATAM,2026-07-20,Shrink wrapper,3,892.88,2678.64,completed,completed
SO-004884,307,Kestrel Robotics Inc,LATAM,2026-07-20,Cold-chain container,5,695.97,3479.85,pending,at_risk
SO-005091,384,Ironvale Chemicals BV,UK & Ireland,2026-07-20,Conveyor belt,12,450.26,5403.12,completed,completed
SO-005009,426,Lakeshore Foods Ltd,EMEA,2026-07-20,Barcode scanner,5,81.65,408.25,completed,completed
SO-004663,1,Harbourline Logistics Ltd,EMEA,2026-07-20,Weighing station,9,740.05,6660.45,cancelled,at_risk
SO-005037,19,Windermere Logistics SA,UK & Ireland,2026-07-20,Barcode scanner,8,551.24,4409.92,completed,completed
SO-004930,13,Silverbrook Logistics GmbH,APAC,2026-07-20,Dock leveller,1,470.86,470.86,completed,completed
SO-005098,2,Cedarcrest Logistics Ltd,LATAM,2026-07-20,Dock leveller,19,120.12,2282.28,completed,completed
SO-005001,10,Foxglove Logistics GmbH,North America,2026-07-20,Tote bin,22,896.33,19719.26,pending,at_risk
SO-005188,47,Kestrel Analytics GmbH,LATAM,2026-07-20,Pallet rack,9,500.10,4500.90,completed,completed
SO-004991,52,Pinehurst Analytics SA,LATAM,2026-07-20,Sorting arm,12,455.89,5470.68,pending,at_risk
SO-005186,1,Harbourline Logistics Ltd,EMEA,2026-07-21,Safety cage,7,574.95,4024.65,completed,completed
SO-004718,1,Harbourline Logistics Ltd,EMEA,2026-07-21,Shrink wrapper,14,449.15,6288.10,completed,completed
SO-004699,16,Marlowe Logistics SA,EMEA,2026-07-21,Conveyor belt,20,298.67,5973.40,completed,completed
SO-004809,52,Pinehurst Analytics SA,LATAM,2026-07-21,Sorting arm,5,661.00,3305.00,completed,completed
SO-004906,1,Harbourline Logistics Ltd,EMEA,2026-07-21,Safety cage,2,352.92,705.84,completed,completed
SO-004954,1,Harbourline Logistics Ltd,EMEA,2026-07-21,Cold-chain container,25,188.63,4715.75,completed,completed
SO-004573,63,Blue Ridge Textiles BV,APAC,2026-07-21,Conveyor belt,19,99.69,1894.11,completed,completed
SO-004740,135,Copperfield Freight BV,North America,2026-07-21,Pallet rack,11,503.96,5543.56,completed,completed
SO-005180,89,Meridian Medical SA,UK & Ireland,2026-07-21,Shrink wrapper,1,505.22,505.22,completed,completed
SO-005163,24,Ironvale Foods Inc,UK & Ireland,2026-07-21,Barcode scanner,9,560.90,5048.10,cancelled,at_risk
SO-004721,215,Copperfield Logistics Ltd,North America,2026-07-21,Tote bin,17,300.17,5102.89,completed,completed
SO-004565,211,Sablewood Logistics Ltd,EMEA,2026-07-21,Weighing station,11,758.57,8344.27,pending,at_risk
SO-004743,297,Ravensgate Medical SA,LATAM,2026-07-21,Barcode scanner,14,387.47,5424.58,pending,at_risk
SO-004561,1,Harbourline Logistics Ltd,EMEA,2026-07-21,Barcode scanner,7,443.53,3104.71,pending,at_risk
SO-005194,20,Northwind Foods SA,North America,2026-07-21,Shrink wrapper,15,137.55,2063.25,cancelled,at_risk
SO-004567,169,Meridian Instruments BV,UK & Ireland,2026-07-21,Tote bin,13,246.42,3203.46,cancelled,at_risk
SO-005058,17,Ravensgate Logistics SA,LATAM,2026-07-21,Strapping machine,4,188.91,755.64,cancelled,at_risk
SO-004861,46,Lakeshore Analytics GmbH,EMEA,2026-07-21,Tote bin,7,64.03,448.21,completed,completed
SO-005061,21,Harbourline Foods Inc,EMEA,2026-07-21,Sorting arm,7,757.65,5303.55,completed,completed
SO-004742,5,Summit Logistics Ltd,North America,2026-07-21,Label printer,13,498.20,6476.60,pending,at_risk
SO-005120,35,Copperfield Foods Ltd,North America,2026-07-21,Label printer,16,948.39,15174.24,pending,at_risk
SO-004607,40,Northwind Analytics Ltd,North America,2026-07-21,Weighing station,3,124.16,372.48,completed,completed
SO-004545,3,Blue Ridge Logistics Ltd,APAC,2026-07-21,Conveyor belt,16,675.00,10800.00,cancelled,at_risk
SO-004587,11,Sablewood Logistics GmbH,EMEA,2026-07-21,Conveyor belt,8,204.85,1638.80,completed,completed
SO-004786,32,Pinehurst Foods BV,LATAM,2026-07-21,Cold-chain container,7,737.45,5162.15,completed,completed
SO-004654,23,Blue Ridge Foods Inc,APAC,2026-07-22,Safety cage,25,175.89,4397.25,completed,completed
SO-004697,67,Kestrel Textiles BV,LATAM,2026-07-22,Sorting arm,18,391.42,7045.56,completed,completed
SO-004679,50,Foxglove Analytics SA,North America,2026-07-22,Tote bin,25,270.14,6753.50,cancelled,at_risk
SO-005087,238,Thistledown Foods BV,APAC,2026-07-22,Handheld terminal,8,140.33,1122.64,completed,completed
SO-004705,1,Harbourline Logistics Ltd,EMEA,2026-07-22,Weighing station,1,497.14,497.14,completed,completed
SO-004918,192,Pinehurst Chemicals SA,LATAM,2026-07-22,Strapping machine,14,469.01,6566.14,completed,completed
SO-004984,2,Cedarcrest Logistics Ltd,LATAM,2026-07-22,Shrink wrapper,5,623.39,3116.95,completed,completed
SO-004711,9,Meridian Logistics GmbH,UK & Ireland,2026-07-22,Sorting arm,7,739.86,5179.02,completed,completed
SO-004755,1,Harbourline Logistics Ltd,EMEA,2026-07-22,Conveyor belt,1,689.30,689.30,completed,completed
SO-004916,14,Alderway Logistics SA,UK & Ireland,2026-07-22,Dock leveller,12,459.78,5517.36,completed,completed
SO-004998,273,Silverbrook Textiles BV,APAC,2026-07-22,Shrink wrapper,19,408.40,7759.60,pending,at_risk
SO-005041,2,Cedarcrest Logistics Ltd,LATAM,2026-07-22,Weighing station,12,938.75,11265.00,pending,at_risk
SO-004852,313,Silverbrook Robotics BV,APAC,2026-07-22,Pallet rack,23,84.47,1942.81,completed,completed
SO-005117,275,Copperfield Textiles BV,North America,2026-07-22,Sorting arm,13,660.29,8583.77,pending,at_risk
SO-005048,5,Summit Logistics Ltd,North America,2026-07-22,Pallet rack,19,473.09,8988.71,completed,completed
SO-005077,395,Copperfield Chemicals GmbH,North America,2026-07-22,Conveyor belt,23,113.89,2619.47,completed,completed
SO-004925,279,Windermere Textiles BV,UK & Ireland,2026-07-22,Barcode scanner,21,684.03,14364.63,pending,at_risk
SO-004677,2,Cedarcrest Logistics Ltd,LATAM,2026-07-22,Weighing station,23,64.26,1477.98,completed,completed
SO-004693,91,Sablewood Medical Inc,EMEA,2026-07-22,Tote bin,14,450.06,6300.84,pending,at_risk
SO-004793,29,Meridian Foods BV,UK & Ireland,2026-07-22,Handheld terminal,14,634.41,8881.74,pending,at_risk
SO-004920,25,Summit Foods Inc,North America,2026-07-22,Safety cage,16,411.41,6582.56,completed,completed
SO-005212,72,Pinehurst Textiles Ltd,LATAM,2026-07-22,Strapping machine,8,267.19,2137.52,pending,at_risk
SO-004805,2,Cedarcrest Logistics Ltd,LATAM,2026-07-22,Tote bin,1,124.62,124.62,completed,completed
SO-004730,86,Lakeshore Medical SA,EMEA,2026-07-22,Cold-chain container,1,351.61,351.61,completed,completed
SO-004746,2,Cedarcrest Logistics Ltd,LATAM,2026-07-22,Shrink wrapper,17,645.84,10979.28,completed,completed
SO-004784,271,Sablewood Textiles Inc,EMEA,2026-07-22,Label printer,5,743.77,3718.85,completed,completed
SO-004612,1,Harbourline Logistics Ltd,EMEA,2026-07-22,Safety cage,8,271.91,2175.28,completed,completed
SO-004862,415,Copperfield Logistics BV,North America,2026-07-22,Strapping machine,8,953.26,7626.08,cancelled,at_risk
SO-004578,220,Northwind Foods GmbH,North America,2026-07-22,Shrink wrapper,24,424.07,10177.68,cancelled,at_risk
SO-004751,22,Cedarcrest Foods Inc,LATAM,2026-07-22,Handheld terminal,22,825.46,18160.12,pending,at_risk
SO-005196,1,Harbourline Logistics Ltd,EMEA,2026-07-23,Dock leveller,17,661.98,11253.66,cancelled,at_risk
SO-004822,278,Thistledown Textiles BV,APAC,2026-07-23,Safety cage,18,222.14,3998.52,completed,completed
SO-004848,1,Harbourline Logistics Ltd,EMEA,2026-07-23,Strapping machine,19,803.74,15271.06,cancelled,at_risk
SO-005197,1,Harbourline Logistics Ltd,EMEA,2026-07-23,Tote bin,18,29.28,527.04,completed,completed
SO-005076,12,Pinehurst Logistics GmbH,LATAM,2026-07-23,Pallet rack,22,191.66,4216.52,completed,completed
SO-004895,171,Sablewood Instruments BV,EMEA,2026-07-23,Conveyor belt,16,827.72,13243.52,pending,at_risk
SO-005018,3,Blue Ridge Logistics Ltd,APAC,2026-07-23,Safety cage,14,277.22,3881.08,completed,completed
SO-004814,18,Thistledown Logistics SA,APAC,2026-07-23,Cold-chain container,10,595.80,5958.00,completed,completed
SO-004834,189,Meridian Chemicals SA,UK & Ireland,2026-07-23,Strapping machine,5,226.45,1132.25,completed,completed
SO-005208,127,Kestrel Freight Inc,LATAM,2026-07-23,Shrink wrapper,4,584.37,2337.48,completed,completed
SO-004939,491,Sablewood Medical Ltd,EMEA,2026-07-23,Barcode scanner,10,269.34,2693.40,completed,completed
SO-005130,86,Lakeshore Medical SA,EMEA,2026-07-23,Safety cage,1,565.26,565.26,completed,completed
SO-005201,277,Ravensgate Textiles BV,LATAM,2026-07-23,Sorting arm,22,150.46,3310.12,completed,completed
SO-004874,152,Pinehurst Ceramics GmbH,LATAM,2026-07-23,Dock leveller,20,440.42,8808.40,completed,completed
SO-004671,399,Windermere Chemicals SA,UK & Ireland,2026-07-23,Conveyor belt,17,762.99,12970.83,completed,completed
SO-004791,7,Kestrel Logistics GmbH,LATAM,2026-07-23,Tote bin,12,647.89,7774.68,cancelled,at_risk
SO-004808,1,Harbourline Logistics Ltd,EMEA,2026-07-23,Safety cage,4,654.17,2616.68,completed,completed
SO-005069,316,Marlowe Robotics Ltd,EMEA,2026-07-23,Weighing station,15,328.14,4922.10,completed,completed
SO-004618,89,Meridian Medical SA,UK & Ireland,2026-07-23,Cold-chain container,14,834.68,11685.52,pending,at_risk
SO-004879,10,Foxglove Logistics GmbH,North America,2026-07-23,Sorting arm,25,134.26,3356.50,completed,completed
SO-004897,1,Harbourline Logistics Ltd,EMEA,2026-07-23,Barcode scanner,18,34.87,627.66,completed,completed
SO-004815,111,Sablewood Robotics Ltd,EMEA,2026-07-23,Forklift battery,11,810.50,8915.50,cancelled,at_risk
SO-004548,495,Copperfield Medical Ltd,North America,2026-07-23,Cold-chain container,19,818.59,15553.21,pending,at_risk
SO-005038,38,Thistledown Foods Ltd,APAC,2026-07-23,Cold-chain container,9,760.22,6841.98,completed,completed
SO-004689,7,Kestrel Logistics GmbH,LATAM,2026-07-23,Forklift battery,10,99.94,999.40,completed,completed
SO-004602,439,Windermere Foods SA,UK & Ireland,2026-07-23,Label printer,23,708.33,16291.59,pending,at_risk
SO-004696,364,Ironvale Instruments SA,UK & Ireland,2026-07-24,Safety cage,17,451.54,7676.18,completed,completed
SO-004581,47,Kestrel Analytics GmbH,LATAM,2026-07-24,Tote bin,2,105.38,210.76,pending,at_risk
SO-004979,143,Blue Ridge Ceramics Ltd,APAC,2026-07-24,Conveyor belt,25,100.69,2517.25,completed,completed
SO-004637,15,Copperfield Logistics SA,North America,2026-07-24,Tote bin,8,134.86,1078.88,completed,completed
SO-005111,312,Pinehurst Robotics BV,LATAM,2026-07-24,Weighing station,7,463.30,3243.10,pending,at_risk
SO-005172,190,Foxglove Chemicals SA,North America,2026-07-24,Safety cage,18,582.97,10493.46,pending,at_risk
SO-004999,161,Harbourline Instruments Inc,EMEA,2026-07-24,Weighing station,20,207.95,4159.00,completed,completed
SO-005144,486,Lakeshore Medical BV,EMEA,2026-07-24,Safety cage,15,768.00,11520.00,completed,completed
SO-004798,240,Northwind Analytics BV,North America,2026-07-24,Label printer,19,892.79,16963.01,cancelled,at_risk
SO-005178,1,Harbourline Logistics Ltd,EMEA,2026-07-24,Cold-chain container,24,601.20,14428.80,cancelled,at_risk
SO-005052,16,Marlowe Logistics SA,EMEA,2026-07-24,Cold-chain container,23,100.45,2310.35,completed,completed
SO-005139,83,Blue Ridge Medical GmbH,APAC,2026-07-24,Weighing station,10,597.24,5972.40,completed,completed
SO-005198,148,Granite Ceramics GmbH,APAC,2026-07-24,Strapping machine,19,352.79,6703.01,completed,completed
SO-004812,1,Harbourline Logistics Ltd,EMEA,2026-07-24,Label printer,8,150.92,1207.36,completed,completed
SO-004875,95,Copperfield Medical Inc,North America,2026-07-24,Tote bin,21,25.27,530.67,completed,completed
SO-004806,395,Copperfield Chemicals GmbH,North America,2026-07-24,Strapping machine,2,702.27,1404.54,completed,completed
SO-005118,7,Kestrel Logistics GmbH,LATAM,2026-07-24,Pallet rack,14,852.50,11935.00,completed,completed
SO-004708,261,Harbourline Textiles SA,EMEA,2026-07-24,Strapping machine,4,806.81,3227.24,cancelled,at_risk
SO-004792,234,Alderway Foods Inc,UK & Ireland,2026-07-24,Strapping machine,13,318.49,4140.37,completed,completed
SO-004917,180,Northwind Chemicals Ltd,North America,2026-07-24,Tote bin,13,933.52,12135.76,pending,at_risk
SO-004963,52,Pinehurst Analytics SA,LATAM,2026-07-24,Sorting arm,9,344.46,3100.14,cancelled,at_risk
SO-004790,2,Cedarcrest Logistics Ltd,LATAM,2026-07-24,Dock leveller,11,176.10,1937.10,completed,completed
SO-004945,153,Silverbrook Ceramics GmbH,APAC,2026-07-24,Tote bin,16,332.35,5317.60,completed,completed
SO-005039,125,Summit Freight SA,North America,2026-07-24,Forklift battery,10,64.48,644.80,completed,completed
SO-004881,342,Cedarcrest Ceramics Inc,LATAM,2026-07-24,Conveyor belt,2,870.08,1740.16,completed,completed
SO-005027,191,Sablewood Chemicals SA,EMEA,2026-07-24,Weighing station,23,554.68,12757.64,completed,completed
SO-004754,144,Ironvale Ceramics Ltd,UK & Ireland,2026-07-24,Pallet rack,25,62.00,1550.00,completed,completed
SO-004921,113,Silverbrook Robotics GmbH,APAC,2026-07-24,Sorting arm,17,482.97,8210.49,pending,at_risk
SO-005055,385,Summit Chemicals Ltd,North America,2026-07-24,Weighing station,1,918.93,918.93,completed,completed
SO-005020,1,Harbourline Logistics Ltd,EMEA,2026-07-24,Pallet rack,16,605.25,9684.00,pending,at_risk
SO-004726,62,Cedarcrest Textiles Inc,LATAM,2026-07-24,Pallet rack,22,352.57,7756.54,pending,at_risk
SO-004973,17,Ravensgate Logistics SA,LATAM,2026-07-25,Tote bin,19,504.73,9589.87,pending,at_risk
SO-004703,101,Harbourline Robotics BV,EMEA,2026-07-25,Forklift battery,24,530.19,12724.56,pending,at_risk
SO-004774,18,Thistledown Logistics SA,APAC,2026-07-25,Shrink wrapper,20,832.10,16642.00,pending,at_risk
SO-004665,163,Blue Ridge Instruments Inc,APAC,2026-07-25,Tote bin,11,43.65,480.15,completed,completed
SO-005181,41,Harbourline Analytics Ltd,EMEA,2026-07-25,Weighing station,2,676.96,1353.92,completed,completed
SO-004723,6,Lakeshore Logistics Ltd,EMEA,2026-07-25,Handheld terminal,19,261.02,4959.38,completed,completed
SO-004873,1,Harbourline Logistics Ltd,EMEA,2026-07-25,Weighing station,19,748.56,14222.64,cancelled,at_risk
SO-004631,22,Cedarcrest Foods Inc,LATAM,2026-07-25,Barcode scanner,2,51.38,102.76,cancelled,at_risk
SO-005132,82,Cedarcrest Medical GmbH,LATAM,2026-07-25,Pallet rack,3,371.63,1114.89,pending,at_risk
SO-004965,317,Ravensgate Robotics Ltd,LATAM,2026-07-25,Conveyor belt,11,249.02,2739.22,completed,completed
SO-004604,50,Foxglove Analytics SA,North America,2026-07-25,Cold-chain container,25,914.26,22856.50,cancelled,at_risk
SO-004646,261,Harbourline Textiles SA,EMEA,2026-07-25,Cold-chain container,17,587.84,9993.28,completed,completed
SO-004563,37,Ravensgate Foods Ltd,LATAM,2026-07-25,Forklift battery,9,600.79,5407.11,cancelled,at_risk
SO-004690,281,Harbourline Medical Ltd,EMEA,2026-07-25,Shrink wrapper,11,814.24,8956.64,completed,completed
SO-004613,15,Copperfield Logistics SA,North America,2026-07-25,Sorting arm,9,918.43,8265.87,completed,completed
SO-004667,28,Granite Foods BV,APAC,2026-07-25,Handheld terminal,13,358.99,4666.87,pending,at_risk
SO-004975,132,Pinehurst Freight Inc,LATAM,2026-07-25,Handheld terminal,21,256.43,5385.03,pending,at_risk
SO-004794,32,Pinehurst Foods BV,LATAM,2026-07-25,Safety cage,15,805.86,12087.90,pending,at_risk
SO-004924,7,Kestrel Logistics GmbH,LATAM,2026-07-25,Label printer,20,93.99,1879.80,completed,completed
SO-005218,15,Copperfield Logistics SA,North America,2026-07-25,Label printer,14,360.77,5050.78,cancelled,at_risk
SO-005068,47,Kestrel Analytics GmbH,LATAM,2026-07-25,Shrink wrapper,14,632.60,8856.40,completed,completed
SO-005023,52,Pinehurst Analytics SA,LATAM,2026-07-25,Barcode scanner,19,949.87,18047.53,pending,at_risk
SO-005159,21,Harbourline Foods Inc,EMEA,2026-07-25,Sorting arm,5,785.27,3926.35,completed,completed
SO-004550,1,Harbourline Logistics Ltd,EMEA,2026-07-25,Shrink wrapper,21,495.44,10404.24,completed,completed
SO-004849,70,Foxglove Textiles Ltd,North America,2026-07-25,Handheld terminal,20,400.53,8010.60,pending,at_risk
SO-005226,105,Summit Robotics Ltd,North America,2026-07-25,Strapping machine,22,404.30,8894.60,completed,completed
SO-004664,415,Copperfield Logistics BV,North America,2026-07-25,Dock leveller,10,865.04,8650.40,cancelled,at_risk
SO-005153,435,Copperfield Foods SA,North America,2026-07-25,Weighing station,24,40.42,970.08,completed,completed
SO-004910,3,Blue Ridge Logistics Ltd,APAC,2026-07-25,Label printer,6,620.00,3720.00,completed,completed
SO-005207,225,Summit Foods SA,North America,2026-07-25,Forklift battery,3,629.75,1889.25,completed,completed
SO-004936,258,Thistledown Analytics GmbH,APAC,2026-07-25,Pallet rack,7,846.97,5928.79,completed,completed
SO-004629,56,Marlowe Analytics Inc,EMEA,2026-07-25,Conveyor belt,25,418.55,10463.75,completed,completed
SO-004707,365,Summit Instruments SA,North America,2026-07-25,Tote bin,3,281.79,845.37,completed,completed
SO-005191,228,Granite Foods SA,APAC,2026-07-25,Barcode scanner,12,923.69,11084.28,completed,completed
SO-004893,43,Blue Ridge Analytics GmbH,APAC,2026-07-26,Sorting arm,14,71.83,1005.62,completed,completed
SO-004842,81,Harbourline Medical GmbH,EMEA,2026-07-26,Cold-chain container,13,783.48,10185.24,pending,at_risk
SO-004878,11,Sablewood Logistics GmbH,EMEA,2026-07-26,Safety cage,24,288.69,6928.56,cancelled,at_risk
SO-004628,1,Harbourline Logistics Ltd,EMEA,2026-07-26,Pallet rack,24,271.87,6524.88,cancelled,at_risk
SO-005045,1,Harbourline Logistics Ltd,EMEA,2026-07-26,Handheld terminal,16,871.02,13936.32,completed,completed
SO-004933,278,Thistledown Textiles BV,APAC,2026-07-26,Handheld terminal,4,97.42,389.68,completed,completed
SO-004577,1,Harbourline Logistics Ltd,EMEA,2026-07-26,Forklift battery,23,916.32,21075.36,pending,at_risk
SO-005004,1,Harbourline Logistics Ltd,EMEA,2026-07-26,Safety cage,25,424.03,10600.75,cancelled,at_risk
SO-005210,86,Lakeshore Medical SA,EMEA,2026-07-26,Dock leveller,6,585.96,3515.76,cancelled,at_risk
SO-004780,240,Northwind Analytics BV,North America,2026-07-26,Safety cage,1,776.90,776.90,pending,at_risk
SO-004885,30,Foxglove Foods BV,North America,2026-07-26,Forklift battery,6,202.97,1217.82,cancelled,at_risk
SO-004591,2,Cedarcrest Logistics Ltd,LATAM,2026-07-26,Forklift battery,12,626.66,7519.92,pending,at_risk
SO-004982,208,Granite Logistics BV,APAC,2026-07-26,Cold-chain container,3,569.77,1709.31,completed,completed
SO-005085,18,Thistledown Logistics SA,APAC,2026-07-26,Tote bin,6,424.30,2545.80,completed,completed
SO-004817,382,Cedarcrest Chemicals BV,LATAM,2026-07-26,Weighing station,13,218.91,2845.83,completed,completed
SO-005007,25,Summit Foods Inc,North America,2026-07-26,Conveyor belt,3,531.40,1594.20,completed,completed
SO-004725,386,Lakeshore Chemicals Ltd,EMEA,2026-07-26,Sorting arm,21,777.27,16322.67,pending,at_risk
SO-005021,207,Kestrel Logistics BV,LATAM,2026-07-27,Conveyor belt,17,846.34,14387.78,cancelled,at_risk
SO-005083,251,Sablewood Analytics Ltd,EMEA,2026-07-27,Weighing station,4,310.27,1241.08,completed,completed
SO-005227,378,Thistledown Instruments BV,APAC,2026-07-27,Handheld terminal,23,483.31,11116.13,completed,completed
SO-004717,66,Lakeshore Textiles BV,EMEA,2026-07-27,Forklift battery,13,144.13,1873.69,completed,completed
SO-004538,98,Thistledown Medical BV,APAC,2026-07-27,Dock leveller,9,59.79,538.11,completed,completed
SO-004969,37,Ravensgate Foods Ltd,LATAM,2026-07-27,Forklift battery,15,542.94,8144.10,pending,at_risk
SO-005074,212,Pinehurst Logistics Ltd,LATAM,2026-07-27,Safety cage,20,588.69,11773.80,cancelled,at_risk
SO-004632,8,Granite Logistics GmbH,APAC,2026-07-27,Cold-chain container,3,305.66,916.98,completed,completed
SO-004869,73,Silverbrook Textiles Ltd,APAC,2026-07-27,Barcode scanner,15,785.71,11785.65,cancelled,at_risk
SO-004958,206,Lakeshore Logistics BV,EMEA,2026-07-27,Dock leveller,4,760.87,3043.48,pending,at_risk
SO-005033,83,Blue Ridge Medical GmbH,APAC,2026-07-27,Sorting arm,4,747.48,2989.92,completed,completed
SO-005174,127,Kestrel Freight Inc,LATAM,2026-07-27,Pallet rack,20,26.11,522.20,completed,completed
SO-004788,357,Ravensgate Ceramics GmbH,LATAM,2026-07-27,Shrink wrapper,9,752.34,6771.06,cancelled,at_risk
SO-004820,7,Kestrel Logistics GmbH,LATAM,2026-07-27,Strapping machine,16,781.63,12506.08,completed,completed
SO-005046,7,Kestrel Logistics GmbH,LATAM,2026-07-27,Safety cage,17,884.85,15042.45,cancelled,at_risk
SO-005108,51,Sablewood Analytics SA,EMEA,2026-07-27,Cold-chain container,4,847.93,3391.72,cancelled,at_risk
SO-005040,50,Foxglove Analytics SA,North America,2026-07-27,Shrink wrapper,11,398.97,4388.67,pending,at_risk
SO-004569,104,Ironvale Robotics BV,UK & Ireland,2026-07-27,Handheld terminal,15,458.10,6871.50,pending,at_risk
SO-005092,262,Cedarcrest Textiles SA,LATAM,2026-07-27,Label printer,13,839.29,10910.77,pending,at_risk
SO-004825,1,Harbourline Logistics Ltd,EMEA,2026-07-27,Conveyor belt,21,711.79,14947.59,cancelled,at_risk
SO-004838,5,Summit Logistics Ltd,North America,2026-07-28,Pallet rack,9,28.52,256.68,completed,completed
SO-005205,448,Granite Analytics BV,APAC,2026-07-28,Barcode scanner,1,46.80,46.80,completed,completed
SO-005107,44,Ironvale Analytics GmbH,UK & Ireland,2026-07-28,Barcode scanner,3,724.49,2173.47,completed,completed
SO-005095,170,Foxglove Instruments BV,North America,2026-07-28,Forklift battery,16,512.15,8194.40,completed,completed
SO-004821,1,Harbourline Logistics Ltd,EMEA,2026-07-28,Handheld terminal,17,613.75,10433.75,cancelled,at_risk
SO-004712,193,Silverbrook Chemicals SA,APAC,2026-07-28,Pallet rack,8,594.33,4754.64,completed,completed
SO-004675,1,Harbourline Logistics Ltd,EMEA,2026-07-28,Forklift battery,21,950.72,19965.12,cancelled,at_risk
SO-004648,11,Sablewood Logistics GmbH,EMEA,2026-07-28,Shrink wrapper,19,295.56,5615.64,pending,at_risk
SO-004680,497,Ravensgate Medical GmbH,LATAM,2026-07-28,Strapping machine,1,634.28,634.28,completed,completed
SO-005141,1,Harbourline Logistics Ltd,EMEA,2026-07-28,Tote bin,12,954.94,11459.28,cancelled,at_risk
SO-004615,288,Granite Medical GmbH,APAC,2026-07-28,Conveyor belt,11,529.11,5820.21,cancelled,at_risk
SO-005073,10,Foxglove Logistics GmbH,North America,2026-07-28,Handheld terminal,19,230.42,4377.98,completed,completed
SO-005193,2,Cedarcrest Logistics Ltd,LATAM,2026-07-28,Forklift battery,14,85.13,1191.82,cancelled,at_risk
SO-005103,428,Granite Foods GmbH,APAC,2026-07-28,Sorting arm,24,651.82,15643.68,cancelled,at_risk
SO-004533,64,Ironvale Textiles BV,UK & Ireland,2026-07-28,Barcode scanner,4,623.31,2493.24,pending,at_risk
SO-005686,155,Copperfield Ceramics SA,North America,2026-08-01,Dock leveller,7,40.98,286.86,pending,at_risk
SO-005564,29,Meridian Foods BV,UK & Ireland,2026-08-01,Safety cage,10,808.90,8089.00,pending,at_risk
SO-005963,118,Thistledown Robotics GmbH,APAC,2026-08-01,Forklift battery,9,458.08,4122.72,completed,completed
SO-005355,74,Alderway Textiles Ltd,UK & Ireland,2026-08-01,Sorting arm,1,204.86,204.86,completed,completed
SO-005642,302,Cedarcrest Robotics Inc,LATAM,2026-08-01,Shrink wrapper,13,377.50,4907.50,pending,at_risk
SO-005629,25,Summit Foods Inc,North America,2026-08-01,Weighing station,25,157.70,3942.50,completed,completed
SO-005435,1,Harbourline Logistics Ltd,EMEA,2026-08-01,Tote bin,6,383.14,2298.84,completed,completed
SO-005747,10,Foxglove Logistics GmbH,North America,2026-08-01,Sorting arm,18,263.53,4743.54,completed,completed
SO-005499,37,Ravensgate Foods Ltd,LATAM,2026-08-01,Barcode scanner,20,431.14,8622.80,pending,at_risk
SO-005489,14,Alderway Logistics SA,UK & Ireland,2026-08-01,Weighing station,10,533.78,5337.80,completed,completed
SO-005982,212,Pinehurst Logistics Ltd,LATAM,2026-08-01,Strapping machine,3,131.73,395.19,completed,completed
SO-005871,229,Meridian Foods SA,UK & Ireland,2026-08-01,Handheld terminal,17,377.90,6424.30,pending,at_risk
SO-005367,64,Ironvale Textiles BV,UK & Ireland,2026-08-01,Handheld terminal,13,299.87,3898.31,cancelled,at_risk
SO-005242,169,Meridian Instruments BV,UK & Ireland,2026-08-01,Safety cage,13,122.48,1592.24,completed,completed
SO-005472,1,Harbourline Logistics Ltd,EMEA,2026-08-01,Cold-chain container,18,828.91,14920.38,pending,at_risk
SO-005352,146,Lakeshore Ceramics Ltd,EMEA,2026-08-01,Strapping machine,23,715.99,16467.77,pending,at_risk
SO-005969,426,Lakeshore Foods Ltd,EMEA,2026-08-01,Handheld terminal,15,258.09,3871.35,completed,completed
SO-005667,32,Pinehurst Foods BV,LATAM,2026-08-01,Barcode scanner,13,718.30,9337.90,cancelled,at_risk
SO-005950,30,Foxglove Foods BV,North America,2026-08-01,Shrink wrapper,21,622.84,13079.64,pending,at_risk
SO-005299,318,Thistledown Robotics Ltd,APAC,2026-08-02,Sorting arm,20,138.91,2778.20,completed,completed
SO-005426,234,Alderway Foods Inc,UK & Ireland,2026-08-02,Pallet rack,22,683.42,15035.24,cancelled,at_risk
SO-005384,10,Foxglove Logistics GmbH,North America,2026-08-02,Pallet rack,5,468.75,2343.75,cancelled,at_risk
SO-005876,400,Northwind Logistics SA,North America,2026-08-02,Label printer,22,115.34,2537.48,completed,completed
SO-005377,77,Ravensgate Textiles GmbH,LATAM,2026-08-02,Weighing station,23,467.28,10747.44,completed,completed
SO-005436,21,Harbourline Foods Inc,EMEA,2026-08-02,Strapping machine,7,315.98,2211.86,completed,completed
SO-005312,365,Summit Instruments SA,North America,2026-08-02,Safety cage,8,44.18,353.44,completed,completed
SO-005561,151,Sablewood Ceramics GmbH,EMEA,2026-08-02,Tote bin,7,639.88,4479.16,cancelled,at_risk
SO-005392,288,Granite Medical GmbH,APAC,2026-08-02,Dock leveller,13,375.51,4881.63,completed,completed
SO-005960,1,Harbourline Logistics Ltd,EMEA,2026-08-02,Label printer,6,425.40,2552.40,completed,completed
SO-005644,354,Alderway Ceramics Ltd,UK & Ireland,2026-08-02,Dock leveller,15,818.32,12274.80,cancelled,at_risk
SO-005510,5,Summit Logistics Ltd,North America,2026-08-02,Pallet rack,6,278.17,1669.02,completed,completed
SO-005614,2,Cedarcrest Logistics Ltd,LATAM,2026-08-02,Shrink wrapper,10,483.51,4835.10,completed,completed
SO-005310,465,Summit Textiles GmbH,North America,2026-08-02,Strapping machine,6,150.81,904.86,completed,completed
SO-005493,50,Foxglove Analytics SA,North America,2026-08-02,Handheld terminal,14,384.56,5383.84,completed,completed
SO-005256,33,Silverbrook Foods BV,APAC,2026-08-02,Safety cage,2,496.06,992.12,completed,completed
SO-005721,87,Kestrel Medical SA,LATAM,2026-08-02,Conveyor belt,17,807.30,13724.10,completed,completed
SO-005269,3,Blue Ridge Logistics Ltd,APAC,2026-08-02,Handheld terminal,15,423.21,6348.15,cancelled,at_risk
SO-005261,89,Meridian Medical SA,UK & Ireland,2026-08-02,Barcode scanner,7,862.61,6038.27,pending,at_risk
SO-005851,301,Harbourline Robotics Inc,EMEA,2026-08-02,Forklift battery,22,163.49,3596.78,completed,completed
SO-005327,399,Windermere Chemicals SA,UK & Ireland,2026-08-02,Sorting arm,23,940.21,21624.83,cancelled,at_risk
SO-005865,427,Kestrel Foods GmbH,LATAM,2026-08-02,Forklift battery,11,252.41,2776.51,pending,at_risk
SO-005498,43,Blue Ridge Analytics GmbH,APAC,2026-08-02,Label printer,19,186.90,3551.10,completed,completed
SO-005965,189,Meridian Chemicals SA,UK & Ireland,2026-08-02,Weighing station,11,895.27,9847.97,pending,at_risk
SO-005437,217,Ravensgate Logistics GmbH,LATAM,2026-08-02,Handheld terminal,8,505.02,4040.16,cancelled,at_risk
SO-006005,83,Blue Ridge Medical GmbH,APAC,2026-08-02,Forklift battery,1,638.88,638.88,completed,completed
SO-005309,101,Harbourline Robotics BV,EMEA,2026-08-02,Tote bin,5,29.02,145.10,completed,completed
SO-005897,1,Harbourline Logistics Ltd,EMEA,2026-08-02,Tote bin,18,163.67,2946.06,completed,completed
SO-005809,316,Marlowe Robotics Ltd,EMEA,2026-08-02,Forklift battery,5,366.41,1832.05,completed,completed
SO-005836,40,Northwind Analytics Ltd,North America,2026-08-02,Cold-chain container,7,919.26,6434.82,completed,completed
SO-005805,3,Blue Ridge Logistics Ltd,APAC,2026-08-02,Conveyor belt,1,187.56,187.56,completed,completed
SO-005611,315,Copperfield Robotics Ltd,North America,2026-08-02,Barcode scanner,7,562.90,3940.30,completed,completed
SO-005655,77,Ravensgate Textiles GmbH,LATAM,2026-08-02,Forklift battery,1,812.59,812.59,completed,completed
SO-005264,10,Foxglove Logistics GmbH,North America,2026-08-02,Shrink wrapper,10,624.01,6240.10,cancelled,at_risk
SO-005455,255,Copperfield Analytics GmbH,North America,2026-08-03,Conveyor belt,1,272.10,272.10,completed,completed
SO-005773,188,Granite Chemicals GmbH,APAC,2026-08-03,Handheld terminal,19,827.84,15728.96,cancelled,at_risk
SO-005356,4,Ironvale Logistics Ltd,UK & Ireland,2026-08-03,Pallet rack,2,715.44,1430.88,completed,completed
SO-005867,1,Harbourline Logistics Ltd,EMEA,2026-08-03,Weighing station,13,342.03,4446.39,pending,at_risk
SO-005762,465,Summit Textiles GmbH,North America,2026-08-03,Pallet rack,8,242.64,1941.12,completed,completed
SO-005621,116,Marlowe Robotics GmbH,EMEA,2026-08-03,Sorting arm,17,258.97,4402.49,completed,completed
SO-005306,57,Ravensgate Analytics Inc,LATAM,2026-08-03,Shrink wrapper,2,799.88,1599.76,completed,completed
SO-005497,1,Harbourline Logistics Ltd,EMEA,2026-08-03,Conveyor belt,18,741.06,13339.08,pending,at_risk
SO-005606,93,Silverbrook Medical Inc,APAC,2026-08-03,Safety cage,2,455.04,910.08,completed,completed
SO-005739,211,Sablewood Logistics Ltd,EMEA,2026-08-03,Forklift battery,10,548.51,5485.10,pending,at_risk
SO-005934,28,Granite Foods BV,APAC,2026-08-03,Cold-chain container,5,61.93,309.65,completed,completed
SO-005691,152,Pinehurst Ceramics GmbH,LATAM,2026-08-03,Sorting arm,12,529.53,6354.36,pending,at_risk
SO-005697,242,Cedarcrest Analytics BV,LATAM,2026-08-03,Forklift battery,18,262.19,4719.42,completed,completed
SO-006000,289,Meridian Medical GmbH,UK & Ireland,2026-08-03,Pallet rack,21,85.58,1797.18,completed,completed
SO-005958,243,Blue Ridge Analytics BV,APAC,2026-08-03,Pallet rack,4,295.92,1183.68,pending,at_risk
SO-005918,37,Ravensgate Foods Ltd,LATAM,2026-08-03,Label printer,14,291.35,4078.90,cancelled,at_risk
SO-005745,15,Copperfield Logistics SA,North America,2026-08-03,Handheld terminal,16,80.90,1294.40,cancelled,at_risk
SO-005397,1,Harbourline Logistics Ltd,EMEA,2026-08-03,Sorting arm,18,667.64,12017.52,pending,at_risk
SO-005615,34,Alderway Foods BV,UK & Ireland,2026-08-03,Weighing station,11,555.13,6106.43,completed,completed
SO-005959,3,Blue Ridge Logistics Ltd,APAC,2026-08-03,Conveyor belt,5,87.21,436.05,completed,completed
SO-005357,32,Pinehurst Foods BV,LATAM,2026-08-03,Conveyor belt,3,890.06,2670.18,completed,completed
SO-005679,349,Meridian Ceramics BV,UK & Ireland,2026-08-03,Conveyor belt,25,761.85,19046.25,cancelled,at_risk
SO-005562,237,Ravensgate Foods Inc,LATAM,2026-08-03,Strapping machine,8,489.36,3914.88,completed,completed
SO-005882,1,Harbourline Logistics Ltd,EMEA,2026-08-03,Dock leveller,3,953.80,2861.40,completed,completed
SO-005243,261,Harbourline Textiles SA,EMEA,2026-08-03,Sorting arm,14,572.76,8018.64,cancelled,at_risk
SO-005935,208,Granite Logistics BV,APAC,2026-08-03,Forklift battery,6,249.99,1499.94,cancelled,at_risk
SO-005725,454,Alderway Analytics BV,UK & Ireland,2026-08-03,Forklift battery,21,482.91,10141.11,completed,completed
SO-005754,4,Ironvale Logistics Ltd,UK & Ireland,2026-08-03,Shrink wrapper,25,208.60,5215.00,completed,completed
SO-005820,1,Harbourline Logistics Ltd,EMEA,2026-08-03,Label printer,16,344.40,5510.40,pending,at_risk
SO-005727,26,Lakeshore Foods Inc,EMEA,2026-08-04,Weighing station,23,403.34,9276.82,pending,at_risk
SO-005698,169,Meridian Instruments BV,UK & Ireland,2026-08-04,Shrink wrapper,19,826.24,15698.56,cancelled,at_risk
SO-005263,452,Pinehurst Analytics BV,LATAM,2026-08-04,Forklift battery,9,605.08,5445.72,cancelled,at_risk
SO-005834,4,Ironvale Logistics Ltd,UK & Ireland,2026-08-04,Label printer,5,543.00,2715.00,completed,completed
SO-005417,1,Harbourline Logistics Ltd,EMEA,2026-08-04,Forklift battery,13,525.84,6835.92,pending,at_risk
SO-005748,110,Foxglove Robotics Ltd,North America,2026-08-04,Pallet rack,19,275.82,5240.58,cancelled,at_risk
SO-005998,72,Pinehurst Textiles Ltd,LATAM,2026-08-04,Safety cage,19,58.44,1110.36,completed,completed
SO-005845,52,Pinehurst Analytics SA,LATAM,2026-08-04,Sorting arm,16,354.94,5679.04,completed,completed
SO-005457,388,Granite Chemicals Ltd,APAC,2026-08-04,Barcode scanner,3,415.19,1245.57,completed,completed
SO-005877,4,Ironvale Logistics Ltd,UK & Ireland,2026-08-04,Barcode scanner,23,231.47,5323.81,completed,completed
SO-005313,466,Lakeshore Textiles GmbH,EMEA,2026-08-04,Sorting arm,9,816.78,7351.02,completed,completed
SO-005469,1,Harbourline Logistics Ltd,EMEA,2026-08-04,Conveyor belt,15,496.94,7454.10,completed,completed
SO-005366,210,Foxglove Logistics Ltd,North America,2026-08-04,Strapping machine,12,347.44,4169.28,completed,completed
SO-005373,237,Ravensgate Foods Inc,LATAM,2026-08-04,Barcode scanner,19,707.01,13433.19,pending,at_risk
SO-005900,100,Northwind Robotics BV,North America,2026-08-04,Safety cage,21,338.17,7101.57,pending,at_risk
SO-005952,185,Summit Chemicals GmbH,North America,2026-08-04,Dock leveller,23,153.04,3519.92,completed,completed
SO-005339,22,Cedarcrest Foods Inc,LATAM,2026-08-04,Handheld terminal,10,271.22,2712.20,pending,at_risk
SO-005460,434,Alderway Foods SA,UK & Ireland,2026-08-04,Shrink wrapper,6,187.25,1123.50,completed,completed
SO-005761,64,Ironvale Textiles BV,UK & Ireland,2026-08-04,Sorting arm,7,796.95,5578.65,completed,completed
SO-005647,53,Silverbrook Analytics SA,APAC,2026-08-04,Handheld terminal,18,213.75,3847.50,completed,completed
SO-005420,387,Kestrel Chemicals Ltd,LATAM,2026-08-04,Dock leveller,16,227.71,3643.36,completed,completed
SO-005803,443,Blue Ridge Analytics Inc,APAC,2026-08-04,Sorting arm,24,440.26,10566.24,pending,at_risk
SO-005315,4,Ironvale Logistics Ltd,UK & Ireland,2026-08-04,Conveyor belt,11,950.13,10451.43,cancelled,at_risk
SO-005989,209,Meridian Logistics BV,UK & Ireland,2026-08-04,Barcode scanner,10,261.30,2613.00,pending,at_risk
SO-005459,1,Harbourline Logistics Ltd,EMEA,2026-08-04,Forklift battery,5,391.60,1958.00,completed,completed
SO-005736,3,Blue Ridge Logistics Ltd,APAC,2026-08-04,Label printer,7,407.12,2849.84,pending,at_risk
SO-005286,94,Alderway Medical Inc,UK & Ireland,2026-08-04,Pallet rack,7,640.78,4485.46,completed,completed
SO-005674,1,Harbourline Logistics Ltd,EMEA,2026-08-04,Strapping machine,20,36.61,732.20,completed,completed
SO-005484,290,Foxglove Medical GmbH,North America,2026-08-04,Label printer,5,544.74,2723.70,completed,completed
SO-005772,357,Ravensgate Ceramics GmbH,LATAM,2026-08-04,Strapping machine,18,378.84,6819.12,completed,completed
SO-005617,108,Granite Robotics Ltd,APAC,2026-08-04,Tote bin,13,238.56,3101.28,completed,completed
SO-005585,1,Harbourline Logistics Ltd,EMEA,2026-08-05,Forklift battery,6,607.37,3644.22,pending,at_risk
SO-005775,50,Foxglove Analytics SA,North America,2026-08-05,Sorting arm,21,501.04,10521.84,pending,at_risk
SO-005389,7,Kestrel Logistics GmbH,LATAM,2026-08-05,Forklift battery,10,101.34,1013.40,completed,completed
SO-005972,39,Windermere Foods Ltd,UK & Ireland,2026-08-05,Pallet rack,18,873.39,15721.02,completed,completed
SO-005517,28,Granite Foods BV,APAC,2026-08-05,Weighing station,13,150.01,1950.13,completed,completed
SO-005440,416,Marlowe Logistics BV,EMEA,2026-08-05,Pallet rack,11,937.00,10307.00,pending,at_risk
SO-005551,85,Summit Medical SA,North America,2026-08-05,Sorting arm,22,877.97,19315.34,completed,completed
SO-005325,2,Cedarcrest Logistics Ltd,LATAM,2026-08-05,Handheld terminal,21,28.26,593.46,completed,completed
SO-005539,3,Blue Ridge Logistics Ltd,APAC,2026-08-05,Conveyor belt,10,116.82,1168.20,completed,completed
SO-005740,104,Ironvale Robotics BV,UK & Ireland,2026-08-05,Shrink wrapper,11,502.06,5522.66,pending,at_risk
SO-005795,9,Meridian Logistics GmbH,UK & Ireland,2026-08-05,Forklift battery,16,573.75,9180.00,pending,at_risk
SO-005687,328,Granite Freight GmbH,APAC,2026-08-05,Tote bin,8,792.21,6337.68,pending,at_risk
SO-005450,226,Lakeshore Foods SA,EMEA,2026-08-05,Strapping machine,21,724.44,15213.24,completed,completed
SO-005603,1,Harbourline Logistics Ltd,EMEA,2026-08-05,Tote bin,24,374.27,8982.48,cancelled,at_risk
SO-005543,1,Harbourline Logistics Ltd,EMEA,2026-08-05,Forklift battery,14,485.82,6801.48,completed,completed
SO-005552,8,Granite Logistics GmbH,APAC,2026-08-05,Pallet rack,23,703.17,16172.91,completed,completed
SO-005371,185,Summit Chemicals GmbH,North America,2026-08-05,Conveyor belt,17,227.02,3859.34,completed,completed
SO-005501,1,Harbourline Logistics Ltd,EMEA,2026-08-05,Forklift battery,22,41.70,917.40,completed,completed
SO-005901,115,Copperfield Robotics GmbH,North America,2026-08-05,Sorting arm,22,40.52,891.44,pending,at_risk
SO-005300,339,Windermere Freight Inc,UK & Ireland,2026-08-05,Pallet rack,21,251.72,5286.12,completed,completed
SO-005463,17,Ravensgate Logistics SA,LATAM,2026-08-05,Tote bin,9,755.32,6797.88,cancelled,at_risk
SO-005253,414,Alderway Logistics BV,UK & Ireland,2026-08-05,Tote bin,24,33.42,802.08,completed,completed
SO-005282,3,Blue Ridge Logistics Ltd,APAC,2026-08-05,Strapping machine,3,871.27,2613.81,cancelled,at_risk
SO-005915,2,Cedarcrest Logistics Ltd,LATAM,2026-08-05,Sorting arm,11,41.71,458.81,completed,completed
SO-005668,43,Blue Ridge Analytics GmbH,APAC,2026-08-06,Cold-chain container,14,588.06,8232.84,cancelled,at_risk
SO-005560,477,Ravensgate Textiles Inc,LATAM,2026-08-06,Dock leveller,6,924.66,5547.96,pending,at_risk
SO-005967,330,Foxglove Freight SA,North America,2026-08-06,Tote bin,13,620.28,8063.64,pending,at_risk
SO-005975,1,Harbourline Logistics Ltd,EMEA,2026-08-06,Barcode scanner,21,316.42,6644.82,completed,completed
SO-005620,77,Ravensgate Textiles GmbH,LATAM,2026-08-06,Safety cage,16,18.09,289.44,completed,completed
SO-005512,17,Ravensgate Logistics SA,LATAM,2026-08-06,Label printer,8,802.88,6423.04,completed,completed
SO-005797,395,Copperfield Chemicals GmbH,North America,2026-08-06,Weighing station,18,455.20,8193.60,completed,completed
SO-005251,20,Northwind Foods SA,North America,2026-08-06,Weighing station,22,294.18,6471.96,completed,completed
SO-005532,1,Harbourline Logistics Ltd,EMEA,2026-08-06,Dock leveller,3,583.82,1751.46,completed,completed
SO-005675,98,Thistledown Medical BV,APAC,2026-08-06,Handheld terminal,21,178.39,3746.19,completed,completed
SO-005737,89,Meridian Medical SA,UK & Ireland,2026-08-06,Barcode scanner,8,558.78,4470.24,completed,completed
SO-005881,145,Summit Ceramics Ltd,North America,2026-08-06,Weighing station,2,898.26,1796.52,completed,completed
SO-005393,48,Granite Analytics GmbH,APAC,2026-08-06,Tote bin,14,66.00,924.00,completed,completed
SO-005973,205,Summit Logistics BV,North America,2026-08-06,Conveyor belt,19,425.25,8079.75,completed,completed
SO-005735,1,Harbourline Logistics Ltd,EMEA,2026-08-06,Conveyor belt,6,103.72,622.32,completed,completed
SO-005954,9,Meridian Logistics GmbH,UK & Ireland,2026-08-06,Strapping machine,25,693.77,17344.25,pending,at_risk
SO-005634,3,Blue Ridge Logistics Ltd,APAC,2026-08-06,Safety cage,5,732.67,3663.35,completed,completed
SO-005529,99,Windermere Medical BV,UK & Ireland,2026-08-06,Forklift battery,25,853.68,21342.00,cancelled,at_risk
SO-005704,44,Ironvale Analytics GmbH,UK & Ireland,2026-08-06,Safety cage,25,702.57,17564.25,completed,completed
SO-005653,1,Harbourline Logistics Ltd,EMEA,2026-08-06,Barcode scanner,24,274.86,6596.64,completed,completed
SO-005241,32,Pinehurst Foods BV,LATAM,2026-08-06,Handheld terminal,12,725.60,8707.20,completed,completed
SO-005676,1,Harbourline Logistics Ltd,EMEA,2026-08-06,Safety cage,22,459.22,10102.84,pending,at_risk
SO-005945,153,Silverbrook Ceramics GmbH,APAC,2026-08-06,Conveyor belt,16,258.91,4142.56,completed,completed
SO-005476,383,Blue Ridge Chemicals BV,APAC,2026-08-06,Dock leveller,22,89.87,1977.14,completed,completed
SO-005414,328,Granite Freight GmbH,APAC,2026-08-06,Label printer,10,355.02,3550.20,completed,completed
SO-005850,120,Northwind Freight SA,North America,2026-08-06,Cold-chain container,21,953.19,20016.99,completed,completed
SO-005428,22,Cedarcrest Foods Inc,LATAM,2026-08-06,Label printer,24,389.21,9341.04,completed,completed
SO-005556,1,Harbourline Logistics Ltd,EMEA,2026-08-06,Cold-chain container,2,440.46,880.92,completed,completed
SO-005328,163,Blue Ridge Instruments Inc,APAC,2026-08-06,Pallet rack,24,636.39,15273.36,cancelled,at_risk
SO-005351,34,Alderway Foods BV,UK & Ireland,2026-08-06,Tote bin,22,555.74,12226.28,pending,at_risk
SO-005518,20,Northwind Foods SA,North America,2026-08-06,Dock leveller,14,681.32,9538.48,cancelled,at_risk
SO-005938,78,Thistledown Textiles GmbH,APAC,2026-08-07,Dock leveller,9,376.76,3390.84,pending,at_risk
SO-005840,2,Cedarcrest Logistics Ltd,LATAM,2026-08-07,Dock leveller,11,115.93,1275.23,completed,completed
SO-005578,206,Lakeshore Logistics BV,EMEA,2026-08-07,Safety cage,24,357.68,8584.32,cancelled,at_risk
SO-005782,276,Marlowe Textiles BV,EMEA,2026-08-07,Shrink wrapper,3,695.52,2086.56,pending,at_risk
SO-005818,8,Granite Logistics GmbH,APAC,2026-08-07,Pallet rack,14,493.79,6913.06,cancelled,at_risk
SO-005888,1,Harbourline Logistics Ltd,EMEA,2026-08-07,Pallet rack,9,391.03,3519.27,cancelled,at_risk
SO-005708,313,Silverbrook Robotics BV,APAC,2026-08-07,Label printer,4,644.26,2577.04,completed,completed
SO-005292,168,Granite Instruments BV,APAC,2026-08-07,Shrink wrapper,13,105.44,1370.72,completed,completed
SO-005407,188,Granite Chemicals GmbH,APAC,2026-08-07,Tote bin,3,219.04,657.12,completed,completed
SO-005976,1,Harbourline Logistics Ltd,EMEA,2026-08-07,Cold-chain container,22,939.92,20678.24,pending,at_risk
SO-006007,39,Windermere Foods Ltd,UK & Ireland,2026-08-07,Weighing station,3,207.19,621.57,completed,completed
SO-005777,366,Lakeshore Instruments SA,EMEA,2026-08-07,Conveyor belt,23,97.66,2246.18,pending,at_risk
SO-005841,1,Harbourline Logistics Ltd,EMEA,2026-08-07,Tote bin,12,532.96,6395.52,cancelled,at_risk
SO-005288,106,Lakeshore Robotics Ltd,EMEA,2026-08-07,Label printer,9,108.32,974.88,completed,completed
SO-005452,1,Harbourline Logistics Ltd,EMEA,2026-08-07,Safety cage,23,427.79,9839.17,cancelled,at_risk
SO-005750,7,Kestrel Logistics GmbH,LATAM,2026-08-07,Label printer,21,901.21,18925.41,completed,completed
SO-005733,1,Harbourline Logistics Ltd,EMEA,2026-08-07,Sorting arm,4,355.73,1422.92,completed,completed
SO-005276,340,Northwind Ceramics Inc,North America,2026-08-07,Cold-chain container,22,287.00,6314.00,completed,completed
SO-005899,165,Summit Instruments Inc,North America,2026-08-07,Handheld terminal,20,707.45,14149.00,completed,completed
SO-005326,424,Ironvale Foods Ltd,UK & Ireland,2026-08-07,Safety cage,22,681.77,14998.94,completed,completed
SO-005758,366,Lakeshore Instruments SA,EMEA,2026-08-07,Strapping machine,4,296.81,1187.24,completed,completed
SO-005336,61,Harbourline Textiles Inc,EMEA,2026-08-07,Dock leveller,7,771.08,5397.56,completed,completed
SO-005710,186,Lakeshore Chemicals GmbH,EMEA,2026-08-07,Cold-chain container,6,83.32,499.92,pending,at_risk
SO-005316,149,Meridian Ceramics GmbH,UK & Ireland,2026-08-07,Label printer,12,681.41,8176.92,pending,at_risk
SO-005637,6,Lakeshore Logistics Ltd,EMEA,2026-08-07,Conveyor belt,8,946.81,7574.48,pending,at_risk
SO-005247,248,Granite Analytics Ltd,APAC,2026-08-07,Barcode scanner,18,581.20,10461.60,pending,at_risk
SO-005981,19,Windermere Logistics SA,UK & Ireland,2026-08-07,Tote bin,2,727.52,1455.04,completed,completed
SO-005381,1,Harbourline Logistics Ltd,EMEA,2026-08-07,Handheld terminal,2,142.15,284.30,completed,completed
SO-005908,129,Meridian Freight Inc,UK & Ireland,2026-08-07,Shrink wrapper,4,411.24,1644.96,completed,completed
SO-005401,2,Cedarcrest Logistics Ltd,LATAM,2026-08-07,Barcode scanner,22,551.03,12122.66,pending,at_risk
SO-005545,1,Harbourline Logistics Ltd,EMEA,2026-08-07,Weighing station,16,858.24,13731.84,pending,at_risk
SO-005272,140,Northwind Ceramics Ltd,North America,2026-08-07,Pallet rack,18,818.92,14740.56,pending,at_risk
SO-005238,1,Harbourline Logistics Ltd,EMEA,2026-08-08,Dock leveller,9,681.00,6129.00,completed,completed
SO-005932,208,Granite Logistics BV,APAC,2026-08-08,Label printer,3,831.45,2494.35,completed,completed
SO-005916,464,Ironvale Textiles GmbH,UK & Ireland,2026-08-08,Pallet rack,12,173.15,2077.80,completed,completed
SO-005883,1,Harbourline Logistics Ltd,EMEA,2026-08-08,Tote bin,4,581.25,2325.00,completed,completed
SO-005408,387,Kestrel Chemicals Ltd,LATAM,2026-08-08,Strapping machine,4,259.72,1038.88,pending,at_risk
SO-005410,3,Blue Ridge Logistics Ltd,APAC,2026-08-08,Safety cage,6,310.23,1861.38,cancelled,at_risk
SO-005329,1,Harbourline Logistics Ltd,EMEA,2026-08-08,Conveyor belt,25,835.14,20878.50,completed,completed
SO-005523,57,Ravensgate Analytics Inc,LATAM,2026-08-08,Sorting arm,19,723.94,13754.86,pending,at_risk
SO-005828,2,Cedarcrest Logistics Ltd,LATAM,2026-08-08,Strapping machine,24,138.98,3335.52,completed,completed
SO-005474,2,Cedarcrest Logistics Ltd,LATAM,2026-08-08,Shrink wrapper,20,432.62,8652.40,completed,completed
SO-005240,217,Ravensgate Logistics GmbH,LATAM,2026-08-08,Strapping machine,11,626.64,6893.04,completed,completed
SO-005936,60,Northwind Textiles Inc,North America,2026-08-08,Shrink wrapper,7,918.67,6430.69,cancelled,at_risk
SO-005433,1,Harbourline Logistics Ltd,EMEA,2026-08-08,Weighing station,4,723.40,2893.60,pending,at_risk
SO-005441,32,Pinehurst Foods BV,LATAM,2026-08-08,Conveyor belt,12,575.12,6901.44,completed,completed
SO-005335,4,Ironvale Logistics Ltd,UK & Ireland,2026-08-08,Weighing station,6,75.41,452.46,completed,completed
SO-005941,4,Ironvale Logistics Ltd,UK & Ireland,2026-08-08,Handheld terminal,12,855.95,10271.40,pending,at_risk
SO-005670,50,Foxglove Analytics SA,North America,2026-08-08,Shrink wrapper,16,914.38,14630.08,completed,completed
SO-005940,2,Cedarcrest Logistics Ltd,LATAM,2026-08-08,Strapping machine,11,46.27,508.97,completed,completed
SO-005889,278,Thistledown Textiles BV,APAC,2026-08-08,Conveyor belt,10,559.60,5596.00,completed,completed
SO-005988,450,Foxglove Analytics BV,North America,2026-08-08,Label printer,9,72.36,651.24,completed,completed
SO-005992,448,Granite Analytics BV,APAC,2026-08-08,Shrink wrapper,13,826.67,10746.71,pending,at_risk
SO-005294,216,Marlowe Logistics Ltd,EMEA,2026-08-08,Dock leveller,15,133.26,1998.90,completed,completed
SO-005239,481,Harbourline Medical Inc,EMEA,2026-08-08,Tote bin,10,720.11,7201.10,completed,completed
SO-005511,113,Silverbrook Robotics GmbH,APAC,2026-08-08,Conveyor belt,7,898.52,6289.64,completed,completed
SO-005583,1,Harbourline Logistics Ltd,EMEA,2026-08-08,Barcode scanner,4,253.38,1013.52,completed,completed
SO-005424,99,Windermere Medical BV,UK & Ireland,2026-08-08,Safety cage,20,848.26,16965.20,cancelled,at_risk
SO-005446,34,Alderway Foods BV,UK & Ireland,2026-08-08,Shrink wrapper,17,831.05,14127.85,pending,at_risk
SO-005971,27,Kestrel Foods Inc,LATAM,2026-08-09,Sorting arm,17,368.61,6266.37,cancelled,at_risk
SO-005358,1,Harbourline Logistics Ltd,EMEA,2026-08-09,Label printer,4,88.70,354.80,completed,completed
SO-005301,230,Foxglove Foods SA,North America,2026-08-09,Conveyor belt,22,76.70,1687.40,completed,completed
SO-005274,107,Kestrel Robotics Ltd,LATAM,2026-08-09,Label printer,20,202.92,4058.40,completed,completed
SO-005768,273,Silverbrook Textiles BV,APAC,2026-08-09,Shrink wrapper,14,702.45,9834.30,pending,at_risk
SO-005563,17,Ravensgate Logistics SA,LATAM,2026-08-09,Handheld terminal,9,867.81,7810.29,completed,completed
SO-005618,31,Sablewood Foods BV,EMEA,2026-08-09,Strapping machine,14,367.25,5141.50,cancelled,at_risk
SO-005660,1,Harbourline Logistics Ltd,EMEA,2026-08-09,Strapping machine,6,758.52,4551.12,completed,completed
SO-005587,217,Ravensgate Logistics GmbH,LATAM,2026-08-09,Weighing station,8,26.46,211.68,completed,completed
SO-005866,1,Harbourline Logistics Ltd,EMEA,2026-08-09,Shrink wrapper,12,744.25,8931.00,completed,completed
SO-005713,96,Marlowe Medical Inc,EMEA,2026-08-09,Weighing station,9,480.70,4326.30,completed,completed
SO-005406,208,Granite Logistics BV,APAC,2026-08-09,Dock leveller,2,684.94,1369.88,completed,completed
SO-005995,138,Thistledown Freight BV,APAC,2026-08-09,Tote bin,16,590.44,9447.04,pending,at_risk
SO-005605,313,Silverbrook Robotics BV,APAC,2026-08-09,Handheld terminal,1,753.91,753.91,completed,completed
SO-005980,7,Kestrel Logistics GmbH,LATAM,2026-08-09,Dock leveller,1,943.68,943.68,completed,completed
SO-005657,77,Ravensgate Textiles GmbH,LATAM,2026-08-09,Weighing station,3,942.61,2827.83,cancelled,at_risk
SO-005683,52,Pinehurst Analytics SA,LATAM,2026-08-09,Forklift battery,4,19.67,78.68,completed,completed
SO-005731,289,Meridian Medical GmbH,UK & Ireland,2026-08-09,Handheld terminal,2,829.90,1659.80,completed,completed
SO-005741,1,Harbourline Logistics Ltd,EMEA,2026-08-09,Weighing station,12,772.48,9269.76,cancelled,at_risk
SO-005779,103,Blue Ridge Robotics BV,APAC,2026-08-09,Barcode scanner,25,830.23,20755.75,cancelled,at_risk
SO-005844,93,Silverbrook Medical Inc,APAC,2026-08-09,Safety cage,15,845.88,12688.20,completed,completed
SO-005439,40,Northwind Analytics Ltd,North America,2026-08-09,Sorting arm,10,731.44,7314.40,pending,at_risk
SO-005857,152,Pinehurst Ceramics GmbH,LATAM,2026-08-09,Handheld terminal,3,648.81,1946.43,cancelled,at_risk
SO-005421,253,Silverbrook Analytics GmbH,APAC,2026-08-09,Tote bin,17,610.90,10385.30,pending,at_risk
SO-005252,201,Harbourline Logistics Inc,EMEA,2026-08-09,Dock leveller,23,67.90,1561.70,completed,completed
SO-005233,461,Harbourline Textiles Ltd,EMEA,2026-08-09,Barcode scanner,4,417.91,1671.64,completed,completed
SO-005903,270,Foxglove Textiles Inc,North America,2026-08-09,Conveyor belt,24,452.16,10851.84,pending,at_risk
SO-005622,1,Harbourline Logistics Ltd,EMEA,2026-08-09,Pallet rack,18,837.42,15073.56,pending,at_risk
SO-005685,22,Cedarcrest Foods Inc,LATAM,2026-08-09,Weighing station,6,78.67,472.02,completed,completed
SO-005592,82,Cedarcrest Medical GmbH,LATAM,2026-08-09,Safety cage,13,206.12,2679.56,cancelled,at_risk
SO-005744,177,Ravensgate Instruments Ltd,LATAM,2026-08-09,Strapping machine,15,274.44,4116.60,completed,completed
SO-005639,1,Harbourline Logistics Ltd,EMEA,2026-08-09,Barcode scanner,10,406.22,4062.20,completed,completed
SO-005681,27,Kestrel Foods Inc,LATAM,2026-08-10,Barcode scanner,2,32.80,65.60,completed,completed
SO-005632,402,Cedarcrest Logistics SA,LATAM,2026-08-10,Strapping machine,3,678.96,2036.88,completed,completed
SO-005878,4,Ironvale Logistics Ltd,UK & Ireland,2026-08-10,Cold-chain container,24,651.60,15638.40,completed,completed
SO-005638,5,Summit Logistics Ltd,North America,2026-08-10,Label printer,9,79.43,714.87,completed,completed
SO-005707,43,Blue Ridge Analytics GmbH,APAC,2026-08-10,Conveyor belt,3,534.85,1604.55,completed,completed
SO-005374,1,Harbourline Logistics Ltd,EMEA,2026-08-10,Cold-chain container,20,128.22,2564.40,completed,completed
SO-005898,419,Windermere Logistics BV,UK & Ireland,2026-08-10,Strapping machine,19,114.89,2182.91,completed,completed
SO-005623,48,Granite Analytics GmbH,APAC,2026-08-10,Conveyor belt,19,419.20,7964.80,cancelled,at_risk
SO-005974,70,Foxglove Textiles Ltd,North America,2026-08-10,Label printer,20,234.22,4684.40,completed,completed
SO-005394,94,Alderway Medical Inc,UK & Ireland,2026-08-10,Strapping machine,15,677.44,10161.60,completed,completed
SO-005835,1,Harbourline Logistics Ltd,EMEA,2026-08-10,Barcode scanner,6,135.36,812.16,completed,completed
SO-005821,308,Granite Robotics BV,APAC,2026-08-10,Barcode scanner,17,53.10,902.70,completed,completed
SO-005712,13,Silverbrook Logistics GmbH,APAC,2026-08-10,Shrink wrapper,8,342.07,2736.56,cancelled,at_risk
SO-005337,180,Northwind Chemicals Ltd,North America,2026-08-10,Tote bin,8,885.41,7083.28,pending,at_risk
SO-005912,472,Pinehurst Textiles SA,LATAM,2026-08-10,Strapping machine,8,206.31,1650.48,completed,completed
SO-005641,109,Meridian Robotics Ltd,UK & Ireland,2026-08-10,Forklift battery,12,806.79,9681.48,pending,at_risk
SO-005764,188,Granite Chemicals GmbH,APAC,2026-08-10,Label printer,10,219.62,2196.20,completed,completed
SO-005425,284,Ironvale Medical Ltd,UK & Ireland,2026-08-10,Sorting arm,21,580.43,12189.03,cancelled,at_risk
SO-005399,30,Foxglove Foods BV,North America,2026-08-10,Conveyor belt,20,788.43,15768.60,pending,at_risk
SO-005345,17,Ravensgate Logistics SA,LATAM,2026-08-10,Barcode scanner,16,218.22,3491.52,completed,completed
SO-005696,363,Blue Ridge Instruments GmbH,APAC,2026-08-10,Cold-chain container,17,687.59,11689.03,completed,completed
SO-005477,75,Copperfield Textiles Ltd,North America,2026-08-10,Tote bin,23,951.63,21887.49,completed,completed
SO-005554,11,Sablewood Logistics GmbH,EMEA,2026-08-10,Label printer,25,679.27,16981.75,completed,completed
SO-005514,11,Sablewood Logistics GmbH,EMEA,2026-08-10,Cold-chain container,10,349.67,3496.70,cancelled,at_risk
SO-005646,54,Alderway Analytics SA,UK & Ireland,2026-08-10,Strapping machine,17,920.26,15644.42,cancelled,at_risk
SO-005333,341,Harbourline Ceramics Inc,EMEA,2026-08-11,Forklift battery,4,747.08,2988.32,pending,at_risk
SO-005849,20,Northwind Foods SA,North America,2026-08-11,Barcode scanner,20,315.26,6305.20,pending,at_risk
SO-005656,135,Copperfield Freight BV,North America,2026-08-11,Shrink wrapper,2,677.23,1354.46,completed,completed
SO-005432,169,Meridian Instruments BV,UK & Ireland,2026-08-11,Shrink wrapper,3,685.38,2056.14,completed,completed
SO-005451,17,Ravensgate Logistics SA,LATAM,2026-08-11,Handheld terminal,22,294.14,6471.08,cancelled,at_risk
SO-005703,7,Kestrel Logistics GmbH,LATAM,2026-08-11,Handheld terminal,24,185.64,4455.36,pending,at_risk
SO-005321,18,Thistledown Logistics SA,APAC,2026-08-11,Weighing station,17,194.43,3305.31,completed,completed
SO-005318,139,Windermere Freight BV,UK & Ireland,2026-08-11,Cold-chain container,14,32.71,457.94,completed,completed
SO-005830,270,Foxglove Textiles Inc,North America,2026-08-11,Safety cage,1,704.80,704.80,completed,completed
SO-005465,198,Thistledown Chemicals Inc,APAC,2026-08-11,Handheld terminal,11,548.63,6034.93,pending,at_risk
SO-005651,1,Harbourline Logistics Ltd,EMEA,2026-08-11,Conveyor belt,22,281.27,6187.94,completed,completed
SO-005879,11,Sablewood Logistics GmbH,EMEA,2026-08-11,Forklift battery,25,213.87,5346.75,completed,completed
SO-005317,28,Granite Foods BV,APAC,2026-08-11,Barcode scanner,13,747.31,9715.03,cancelled,at_risk
SO-006004,56,Marlowe Analytics Inc,EMEA,2026-08-11,Cold-chain container,25,362.84,9071.00,pending,at_risk
SO-005645,175,Copperfield Instruments Ltd,North America,2026-08-11,Tote bin,16,748.37,11973.92,pending,at_risk
SO-005231,1,Harbourline Logistics Ltd,EMEA,2026-08-11,Conveyor belt,2,583.66,1167.32,pending,at_risk
SO-005565,13,Silverbrook Logistics GmbH,APAC,2026-08-11,Sorting arm,11,726.47,7991.17,pending,at_risk
SO-005763,6,Lakeshore Logistics Ltd,EMEA,2026-08-11,Conveyor belt,9,595.52,5359.68,cancelled,at_risk
SO-005391,17,Ravensgate Logistics SA,LATAM,2026-08-11,Weighing station,12,684.44,8213.28,completed,completed
SO-005760,1,Harbourline Logistics Ltd,EMEA,2026-08-11,Safety cage,6,592.82,3556.92,completed,completed
SO-005449,35,Copperfield Foods Ltd,North America,2026-08-11,Tote bin,20,99.80,1996.00,completed,completed
SO-005631,1,Harbourline Logistics Ltd,EMEA,2026-08-11,Tote bin,2,813.90,1627.80,completed,completed
SO-005705,16,Marlowe Logistics SA,EMEA,2026-08-11,Sorting arm,1,749.64,749.64,completed,completed
SO-005724,2,Cedarcrest Logistics Ltd,LATAM,2026-08-11,Cold-chain container,20,224.62,4492.40,completed,completed
SO-005811,435,Copperfield Foods SA,North America,2026-08-11,Weighing station,7,802.67,5618.69,completed,completed
SO-005693,321,Harbourline Freight Ltd,EMEA,2026-08-11,Conveyor belt,14,264.85,3707.90,completed,completed
SO-005937,3,Blue Ridge Logistics Ltd,APAC,2026-08-11,Weighing station,8,122.24,977.92,completed,completed
SO-005541,1,Harbourline Logistics Ltd,EMEA,2026-08-11,Barcode scanner,12,914.36,10972.32,pending,at_risk
SO-005323,1,Harbourline Logistics Ltd,EMEA,2026-08-11,Tote bin,19,355.16,6748.04,completed,completed
SO-005287,226,Lakeshore Foods SA,EMEA,2026-08-12,Conveyor belt,8,159.82,1278.56,completed,completed
SO-005778,240,Northwind Analytics BV,North America,2026-08-12,Label printer,24,201.43,4834.32,completed,completed
SO-006003,404,Ironvale Logistics SA,UK & Ireland,2026-08-12,Barcode scanner,24,393.77,9450.48,completed,completed
SO-005863,461,Harbourline Textiles Ltd,EMEA,2026-08-12,Barcode scanner,9,131.42,1182.78,completed,completed
SO-005869,62,Cedarcrest Textiles Inc,LATAM,2026-08-12,Tote bin,15,484.86,7272.90,pending,at_risk
SO-005702,28,Granite Foods BV,APAC,2026-08-12,Strapping machine,23,289.23,6652.29,completed,completed
SO-005957,5,Summit Logistics Ltd,North America,2026-08-12,Sorting arm,3,65.66,196.98,completed,completed
SO-005920,184,Ironvale Chemicals GmbH,UK & Ireland,2026-08-12,Cold-chain container,16,39.60,633.60,completed,completed
SO-005791,7,Kestrel Logistics GmbH,LATAM,2026-08-12,Conveyor belt,12,48.73,584.76,cancelled,at_risk
SO-005690,32,Pinehurst Foods BV,LATAM,2026-08-12,Safety cage,11,796.58,8762.38,pending,at_risk
SO-005650,43,Blue Ridge Analytics GmbH,APAC,2026-08-12,Pallet rack,21,422.70,8876.70,completed,completed
SO-005595,451,Sablewood Analytics BV,EMEA,2026-08-12,Conveyor belt,16,62.05,992.80,completed,completed
SO-005332,19,Windermere Logistics SA,UK & Ireland,2026-08-12,Cold-chain container,3,611.60,1834.80,completed,completed
SO-005783,3,Blue Ridge Logistics Ltd,APAC,2026-08-12,Weighing station,4,577.78,2311.12,completed,completed
SO-005781,65,Summit Textiles BV,North America,2026-08-12,Forklift battery,2,257.87,515.74,completed,completed
SO-005943,294,Alderway Medical SA,UK & Ireland,2026-08-12,Sorting arm,14,360.62,5048.68,completed,completed
SO-005769,425,Summit Foods Ltd,North America,2026-08-12,Weighing station,15,290.53,4357.95,completed,completed
SO-005475,291,Sablewood Medical GmbH,EMEA,2026-08-12,Weighing station,21,830.47,17439.87,cancelled,at_risk
SO-005927,1,Harbourline Logistics Ltd,EMEA,2026-08-12,Handheld terminal,23,878.97,20216.31,pending,at_risk
SO-005919,69,Meridian Textiles BV,UK & Ireland,2026-08-12,Barcode scanner,15,829.10,12436.50,completed,completed
SO-005756,458,Thistledown Analytics Ltd,APAC,2026-08-12,Dock leveller,2,153.11,306.22,completed,completed
SO-005942,29,Meridian Foods BV,UK & Ireland,2026-08-12,Safety cage,13,649.89,8448.57,pending,at_risk
SO-005612,7,Kestrel Logistics GmbH,LATAM,2026-08-12,Cold-chain container,8,511.02,4088.16,cancelled,at_risk
SO-005584,235,Copperfield Foods Inc,North America,2026-08-12,Cold-chain container,5,605.87,3029.35,pending,at_risk
SO-005353,144,Ironvale Ceramics Ltd,UK & Ireland,2026-08-12,Handheld terminal,24,812.60,19502.40,completed,completed
SO-005604,1,Harbourline Logistics Ltd,EMEA,2026-08-12,Strapping machine,25,951.46,23786.50,completed,completed
SO-005482,93,Silverbrook Medical Inc,APAC,2026-08-12,Pallet rack,3,923.98,2771.94,cancelled,at_risk
SO-005856,1,Harbourline Logistics Ltd,EMEA,2026-08-12,Strapping machine,2,86.44,172.88,completed,completed
SO-005597,1,Harbourline Logistics Ltd,EMEA,2026-08-12,Barcode scanner,18,802.95,14453.10,cancelled,at_risk
SO-005361,1,Harbourline Logistics Ltd,EMEA,2026-08-12,Forklift battery,7,544.80,3813.60,completed,completed
SO-005817,12,Pinehurst Logistics GmbH,LATAM,2026-08-12,Sorting arm,13,641.59,8340.67,cancelled,at_risk
SO-005415,5,Summit Logistics Ltd,North America,2026-08-13,Barcode scanner,11,785.33,8638.63,completed,completed
SO-005829,93,Silverbrook Medical Inc,APAC,2026-08-13,Handheld terminal,25,734.57,18364.25,cancelled,at_risk
SO-005506,120,Northwind Freight SA,North America,2026-08-13,Strapping machine,2,809.23,1618.46,completed,completed
SO-005847,16,Marlowe Logistics SA,EMEA,2026-08-13,Conveyor belt,18,325.67,5862.06,cancelled,at_risk
SO-005886,172,Pinehurst Instruments BV,LATAM,2026-08-13,Safety cage,7,565.91,3961.37,completed,completed
SO-005600,63,Blue Ridge Textiles BV,APAC,2026-08-13,Shrink wrapper,21,48.58,1020.18,completed,completed
SO-005537,49,Meridian Analytics SA,UK & Ireland,2026-08-13,Sorting arm,8,295.15,2361.20,completed,completed
SO-005372,487,Kestrel Medical BV,LATAM,2026-08-13,Label printer,18,246.93,4444.74,cancelled,at_risk
SO-005619,94,Alderway Medical Inc,UK & Ireland,2026-08-13,Handheld terminal,15,500.81,7512.15,completed,completed
SO-005833,1,Harbourline Logistics Ltd,EMEA,2026-08-13,Conveyor belt,4,774.35,3097.40,completed,completed
SO-005924,8,Granite Logistics GmbH,APAC,2026-08-13,Dock leveller,20,482.54,9650.80,cancelled,at_risk
SO-005719,230,Foxglove Foods SA,North America,2026-08-13,Sorting arm,15,439.35,6590.25,pending,at_risk
SO-005363,38,Thistledown Foods Ltd,APAC,2026-08-13,Weighing station,9,232.85,2095.65,completed,completed
SO-005700,242,Cedarcrest Analytics BV,LATAM,2026-08-13,Dock leveller,21,438.26,9203.46,pending,at_risk
SO-005947,27,Kestrel Foods Inc,LATAM,2026-08-13,Barcode scanner,18,538.49,9692.82,cancelled,at_risk
SO-005931,8,Granite Logistics GmbH,APAC,2026-08-13,Conveyor belt,2,941.70,1883.40,completed,completed
SO-005468,406,Lakeshore Logistics Inc,EMEA,2026-08-13,Pallet rack,14,142.89,2000.46,completed,completed
SO-005838,392,Pinehurst Chemicals GmbH,LATAM,2026-08-13,Shrink wrapper,9,595.25,5357.25,completed,completed
SO-005862,2,Cedarcrest Logistics Ltd,LATAM,2026-08-13,Label printer,8,419.18,3353.44,pending,at_risk
SO-005751,91,Sablewood Medical Inc,EMEA,2026-08-13,Barcode scanner,22,692.27,15229.94,completed,completed
SO-005324,378,Thistledown Instruments BV,APAC,2026-08-13,Strapping machine,20,372.26,7445.20,completed,completed
SO-005956,14,Alderway Logistics SA,UK & Ireland,2026-08-13,Safety cage,2,798.58,1597.16,completed,completed
SO-005492,8,Granite Logistics GmbH,APAC,2026-08-13,Strapping machine,13,686.55,8925.15,completed,completed
SO-005732,430,Foxglove Foods GmbH,North America,2026-08-13,Safety cage,3,63.48,190.44,completed,completed
SO-005362,412,Pinehurst Logistics Inc,LATAM,2026-08-13,Shrink wrapper,8,316.37,2530.96,cancelled,at_risk
SO-005663,1,Harbourline Logistics Ltd,EMEA,2026-08-13,Sorting arm,9,707.32,6365.88,pending,at_risk
SO-005390,411,Sablewood Logistics Inc,EMEA,2026-08-13,Shrink wrapper,11,164.20,1806.20,completed,completed
SO-005589,11,Sablewood Logistics GmbH,EMEA,2026-08-13,Tote bin,10,590.89,5908.90,pending,at_risk
SO-005266,16,Marlowe Logistics SA,EMEA,2026-08-14,Dock leveller,12,522.32,6267.84,pending,at_risk
SO-005405,45,Summit Analytics GmbH,North America,2026-08-14,Weighing station,1,772.35,772.35,completed,completed
SO-005346,368,Granite Instruments SA,APAC,2026-08-14,Cold-chain container,17,725.31,12330.27,completed,completed
SO-005488,343,Blue Ridge Ceramics BV,APAC,2026-08-14,Shrink wrapper,9,274.20,2467.80,completed,completed
SO-005507,2,Cedarcrest Logistics Ltd,LATAM,2026-08-14,Handheld terminal,3,852.65,2557.95,completed,completed
SO-005259,18,Thistledown Logistics SA,APAC,2026-08-14,Conveyor belt,5,745.42,3727.10,completed,completed
SO-005322,1,Harbourline Logistics Ltd,EMEA,2026-08-14,Dock leveller,18,671.27,12082.86,completed,completed
SO-005819,25,Summit Foods Inc,North America,2026-08-14,Conveyor belt,15,113.12,1696.80,completed,completed
SO-005320,5,Summit Logistics Ltd,North America,2026-08-14,Shrink wrapper,16,523.80,8380.80,completed,completed
SO-006008,19,Windermere Logistics SA,UK & Ireland,2026-08-14,Dock leveller,4,203.92,815.68,completed,completed
SO-005968,259,Windermere Analytics SA,UK & Ireland,2026-08-14,Strapping machine,14,39.96,559.44,completed,completed
SO-005678,150,Foxglove Ceramics GmbH,North America,2026-08-14,Pallet rack,24,706.70,16960.80,cancelled,at_risk
SO-005626,136,Marlowe Freight BV,EMEA,2026-08-14,Cold-chain container,22,809.00,17798.00,cancelled,at_risk
SO-005553,122,Cedarcrest Freight SA,LATAM,2026-08-14,Conveyor belt,24,471.30,11311.20,completed,completed
SO-005996,406,Lakeshore Logistics Inc,EMEA,2026-08-14,Strapping machine,17,756.82,12865.94,cancelled,at_risk
SO-005271,1,Harbourline Logistics Ltd,EMEA,2026-08-14,Sorting arm,17,734.65,12489.05,pending,at_risk
SO-005990,1,Harbourline Logistics Ltd,EMEA,2026-08-14,Cold-chain container,11,609.55,6705.05,completed,completed
SO-005767,113,Silverbrook Robotics GmbH,APAC,2026-08-14,Forklift battery,13,875.14,11376.82,cancelled,at_risk
SO-005570,30,Foxglove Foods BV,North America,2026-08-14,Cold-chain container,16,256.28,4100.48,completed,completed
SO-005714,319,Windermere Robotics Ltd,UK & Ireland,2026-08-14,Dock leveller,10,327.47,3274.70,completed,completed
SO-006001,54,Alderway Analytics SA,UK & Ireland,2026-08-14,Conveyor belt,22,528.88,11635.36,cancelled,at_risk
SO-005892,126,Lakeshore Freight Inc,EMEA,2026-08-14,Cold-chain container,13,236.09,3069.17,completed,completed
SO-005555,276,Marlowe Textiles BV,EMEA,2026-08-14,Barcode scanner,1,322.75,322.75,completed,completed
SO-005403,1,Harbourline Logistics Ltd,EMEA,2026-08-14,Forklift battery,24,651.76,15642.24,completed,completed
SO-005566,34,Alderway Foods BV,UK & Ireland,2026-08-14,Pallet rack,12,417.64,5011.68,completed,completed
SO-005285,167,Kestrel Instruments Inc,LATAM,2026-08-14,Sorting arm,6,35.95,215.70,completed,completed
SO-005787,457,Ravensgate Analytics Ltd,LATAM,2026-08-14,Handheld terminal,8,880.06,7040.48,cancelled,at_risk
SO-005917,132,Pinehurst Freight Inc,LATAM,2026-08-14,Conveyor belt,13,834.48,10848.24,cancelled,at_risk
SO-005594,86,Lakeshore Medical SA,EMEA,2026-08-14,Pallet rack,15,570.52,8557.80,cancelled,at_risk
SO-005810,10,Foxglove Logistics GmbH,North America,2026-08-14,Shrink wrapper,6,196.65,1179.90,completed,completed
SO-005823,252,Pinehurst Analytics GmbH,LATAM,2026-08-14,Forklift battery,19,609.33,11577.27,pending,at_risk
SO-005509,17,Ravensgate Logistics SA,LATAM,2026-08-15,Sorting arm,5,510.69,2553.45,completed,completed
SO-005802,460,Northwind Textiles Ltd,North America,2026-08-15,Safety cage,23,557.04,12811.92,completed,completed
SO-005666,9,Meridian Logistics GmbH,UK & Ireland,2026-08-15,Label printer,12,172.85,2074.20,completed,completed
SO-005480,40,Northwind Analytics Ltd,North America,2026-08-15,Safety cage,1,401.80,401.80,completed,completed
SO-005831,3,Blue Ridge Logistics Ltd,APAC,2026-08-15,Sorting arm,2,955.22,1910.44,completed,completed
SO-005470,1,Harbourline Logistics Ltd,EMEA,2026-08-15,Label printer,16,670.07,10721.12,completed,completed
SO-005524,143,Blue Ridge Ceramics Ltd,APAC,2026-08-15,Pallet rack,20,393.27,7865.40,cancelled,at_risk
SO-005521,64,Ironvale Textiles BV,UK & Ireland,2026-08-15,Handheld terminal,17,524.80,8921.60,completed,completed
SO-005314,192,Pinehurst Chemicals SA,LATAM,2026-08-15,Pallet rack,10,680.10,6801.00,cancelled,at_risk
SO-005531,95,Copperfield Medical Inc,North America,2026-08-15,Weighing station,2,315.91,631.82,completed,completed
SO-005984,31,Sablewood Foods BV,EMEA,2026-08-15,Safety cage,5,815.12,4075.60,completed,completed
SO-005848,436,Marlowe Foods SA,EMEA,2026-08-15,Label printer,19,477.34,9069.46,cancelled,at_risk
SO-005728,12,Pinehurst Logistics GmbH,LATAM,2026-08-15,Dock leveller,24,797.74,19145.76,pending,at_risk
SO-005706,403,Blue Ridge Logistics SA,APAC,2026-08-15,Pallet rack,2,696.01,1392.02,completed,completed
SO-005478,166,Lakeshore Instruments Inc,EMEA,2026-08-15,Strapping machine,24,387.21,9293.04,cancelled,at_risk
SO-005379,1,Harbourline Logistics Ltd,EMEA,2026-08-15,Tote bin,25,151.63,3790.75,completed,completed
SO-005291,206,Lakeshore Logistics BV,EMEA,2026-08-15,Forklift battery,12,593.45,7121.40,completed,completed
SO-005891,21,Harbourline Foods Inc,EMEA,2026-08-15,Barcode scanner,12,691.31,8295.72,completed,completed
SO-005784,1,Harbourline Logistics Ltd,EMEA,2026-08-15,Dock leveller,5,460.92,2304.60,completed,completed
SO-005608,156,Marlowe Ceramics SA,EMEA,2026-08-15,Pallet rack,4,24.42,97.68,completed,completed
SO-005729,4,Ironvale Logistics Ltd,UK & Ireland,2026-08-15,Tote bin,25,429.49,10737.25,completed,completed
SO-005347,18,Thistledown Logistics SA,APAC,2026-08-15,Forklift battery,18,503.07,9055.26,pending,at_risk
SO-005752,192,Pinehurst Chemicals SA,LATAM,2026-08-15,Cold-chain container,23,534.91,12302.93,pending,at_risk
SO-005716,1,Harbourline Logistics Ltd,EMEA,2026-08-15,Strapping machine,12,607.73,7292.76,completed,completed
SO-005520,292,Pinehurst Medical GmbH,LATAM,2026-08-15,Strapping machine,16,240.78,3852.48,cancelled,at_risk
SO-005890,75,Copperfield Textiles Ltd,North America,2026-08-15,Label printer,11,848.66,9335.26,cancelled,at_risk
SO-005305,18,Thistledown Logistics SA,APAC,2026-08-15,Forklift battery,1,407.36,407.36,completed,completed
SO-005508,7,Kestrel Logistics GmbH,LATAM,2026-08-15,Safety cage,4,560.75,2243.00,completed,completed
SO-005513,96,Marlowe Medical Inc,EMEA,2026-08-16,Barcode scanner,9,871.09,7839.81,completed,completed
SO-005633,305,Summit Robotics Inc,North America,2026-08-16,Handheld terminal,4,293.13,1172.52,completed,completed
SO-005907,27,Kestrel Foods Inc,LATAM,2026-08-16,Forklift battery,3,770.16,2310.48,completed,completed
SO-005575,453,Silverbrook Analytics BV,APAC,2026-08-16,Tote bin,21,165.34,3472.14,completed,completed
SO-005494,9,Meridian Logistics GmbH,UK & Ireland,2026-08-16,Safety cage,15,839.00,12585.00,pending,at_risk
SO-005926,48,Granite Analytics GmbH,APAC,2026-08-16,Strapping machine,22,799.17,17581.74,completed,completed
SO-006002,245,Summit Analytics Ltd,North America,2026-08-16,Label printer,23,124.19,2856.37,pending,at_risk
SO-005827,1,Harbourline Logistics Ltd,EMEA,2026-08-16,Tote bin,23,825.03,18975.69,completed,completed
SO-005671,39,Windermere Foods Ltd,UK & Ireland,2026-08-16,Weighing station,17,684.29,11632.93,completed,completed
SO-005715,388,Granite Chemicals Ltd,APAC,2026-08-16,Tote bin,11,335.24,3687.64,pending,at_risk
SO-005534,10,Foxglove Logistics GmbH,North America,2026-08-16,Strapping machine,5,226.31,1131.55,completed,completed
SO-005232,2,Cedarcrest Logistics Ltd,LATAM,2026-08-16,Label printer,3,251.23,753.69,completed,completed
SO-005438,1,Harbourline Logistics Ltd,EMEA,2026-08-16,Safety cage,9,922.86,8305.74,pending,at_risk
SO-005340,28,Granite Foods BV,APAC,2026-08-16,Safety cage,11,92.31,1015.41,completed,completed
SO-005949,40,Northwind Analytics Ltd,North America,2026-08-16,Forklift battery,20,275.89,5517.80,completed,completed
SO-005616,9,Meridian Logistics GmbH,UK & Ireland,2026-08-16,Dock leveller,12,114.97,1379.64,completed,completed
SO-005923,1,Harbourline Logistics Ltd,EMEA,2026-08-16,Weighing station,19,468.77,8906.63,pending,at_risk
SO-005236,1,Harbourline Logistics Ltd,EMEA,2026-08-16,Shrink wrapper,7,258.27,1807.89,completed,completed
SO-005348,253,Silverbrook Analytics GmbH,APAC,2026-08-16,Shrink wrapper,19,668.49,12701.31,pending,at_risk
SO-005755,1,Harbourline Logistics Ltd,EMEA,2026-08-16,Weighing station,1,600.84,600.84,completed,completed
SO-005445,223,Blue Ridge Foods GmbH,APAC,2026-08-16,Forklift battery,16,91.15,1458.40,completed,completed
SO-005842,1,Harbourline Logistics Ltd,EMEA,2026-08-16,Strapping machine,13,521.36,6777.68,completed,completed
SO-005734,127,Kestrel Freight Inc,LATAM,2026-08-16,Pallet rack,5,283.67,1418.35,completed,completed
SO-005688,125,Summit Freight SA,North America,2026-08-16,Strapping machine,9,901.83,8116.47,cancelled,at_risk
SO-005419,208,Granite Logistics BV,APAC,2026-08-16,Weighing station,15,894.99,13424.85,cancelled,at_risk
SO-005258,453,Silverbrook Analytics BV,APAC,2026-08-16,Pallet rack,4,940.25,3761.00,completed,completed
SO-005244,67,Kestrel Textiles BV,LATAM,2026-08-16,Pallet rack,15,106.60,1599.00,completed,completed
SO-005709,317,Ravensgate Robotics Ltd,LATAM,2026-08-16,Barcode scanner,5,922.84,4614.20,pending,at_risk
SO-005780,119,Windermere Robotics SA,UK & Ireland,2026-08-16,Cold-chain container,1,508.38,508.38,completed,completed
SO-005720,157,Ravensgate Ceramics SA,LATAM,2026-08-17,Pallet rack,16,165.10,2641.60,completed,completed
SO-005786,1,Harbourline Logistics Ltd,EMEA,2026-08-17,Strapping machine,7,465.22,3256.54,completed,completed
SO-005502,56,Marlowe Analytics Inc,EMEA,2026-08-17,Shrink wrapper,23,600.02,13800.46,pending,at_risk
SO-005486,80,Northwind Medical GmbH,North America,2026-08-17,Cold-chain container,7,406.33,2844.31,completed,completed
SO-005500,165,Summit Instruments Inc,North America,2026-08-17,Cold-chain container,21,419.25,8804.25,completed,completed
SO-005846,1,Harbourline Logistics Ltd,EMEA,2026-08-17,Pallet rack,17,254.50,4326.50,completed,completed
SO-005964,470,Foxglove Textiles SA,North America,2026-08-17,Shrink wrapper,10,726.92,7269.20,completed,completed
SO-005591,5,Summit Logistics Ltd,North America,2026-08-17,Handheld terminal,12,28.56,342.72,completed,completed
SO-005873,62,Cedarcrest Textiles Inc,LATAM,2026-08-17,Sorting arm,19,87.09,1654.71,completed,completed
SO-005376,444,Ironvale Analytics Inc,UK & Ireland,2026-08-17,Shrink wrapper,22,218.47,4806.34,completed,completed
SO-005380,7,Kestrel Logistics GmbH,LATAM,2026-08-17,Strapping machine,1,66.10,66.10,completed,completed
SO-005330,224,Ironvale Foods SA,UK & Ireland,2026-08-17,Label printer,1,451.99,451.99,completed,completed
SO-005577,300,Northwind Robotics SA,North America,2026-08-17,Handheld terminal,23,110.88,2550.24,completed,completed
SO-005872,5,Summit Logistics Ltd,North America,2026-08-17,Safety cage,18,500.60,9010.80,completed,completed
SO-005293,6,Lakeshore Logistics Ltd,EMEA,2026-08-17,Weighing station,14,717.31,10042.34,pending,at_risk
SO-005519,1,Harbourline Logistics Ltd,EMEA,2026-08-17,Tote bin,15,557.71,8365.65,cancelled,at_risk
SO-005662,1,Harbourline Logistics Ltd,EMEA,2026-08-17,Safety cage,8,830.78,6646.24,cancelled,at_risk
SO-005746,354,Alderway Ceramics Ltd,UK & Ireland,2026-08-17,Safety cage,17,901.82,15330.94,completed,completed
SO-005951,1,Harbourline Logistics Ltd,EMEA,2026-08-17,Weighing station,22,546.30,12018.60,cancelled,at_risk
SO-005368,6,Lakeshore Logistics Ltd,EMEA,2026-08-17,Safety cage,14,484.67,6785.38,cancelled,at_risk
SO-005742,14,Alderway Logistics SA,UK & Ireland,2026-08-17,Dock leveller,13,799.22,10389.86,cancelled,at_risk
SO-005970,1,Harbourline Logistics Ltd,EMEA,2026-08-17,Safety cage,16,605.91,9694.56,cancelled,at_risk
SO-005354,216,Marlowe Logistics Ltd,EMEA,2026-08-17,Safety cage,25,439.79,10994.75,completed,completed
SO-005757,3,Blue Ridge Logistics Ltd,APAC,2026-08-17,Tote bin,3,707.42,2122.26,completed,completed
SO-005722,12,Pinehurst Logistics GmbH,LATAM,2026-08-17,Label printer,18,463.64,8345.52,completed,completed
SO-005855,4,Ironvale Logistics Ltd,UK & Ireland,2026-08-17,Tote bin,1,528.67,528.67,completed,completed
SO-005234,433,Silverbrook Foods GmbH,APAC,2026-08-17,Cold-chain container,5,370.21,1851.05,completed,completed
SO-005921,372,Pinehurst Instruments Inc,LATAM,2026-08-17,Forklift battery,17,956.45,16259.65,pending,at_risk
SO-005281,24,Ironvale Foods Inc,UK & Ireland,2026-08-18,Tote bin,2,911.47,1822.94,completed,completed
SO-005395,18,Thistledown Logistics SA,APAC,2026-08-18,Handheld terminal,16,95.21,1523.36,completed,completed
SO-005610,129,Meridian Freight Inc,UK & Ireland,2026-08-18,Label printer,6,687.37,4124.22,completed,completed
SO-005429,208,Granite Logistics BV,APAC,2026-08-18,Barcode scanner,25,371.43,9285.75,completed,completed
SO-005255,22,Cedarcrest Foods Inc,LATAM,2026-08-18,Handheld terminal,1,391.66,391.66,completed,completed
SO-005267,121,Harbourline Freight SA,EMEA,2026-08-18,Tote bin,13,244.25,3175.25,completed,completed
SO-005790,304,Ironvale Robotics Inc,UK & Ireland,2026-08-18,Pallet rack,11,636.91,7006.01,completed,completed
SO-005962,111,Sablewood Robotics Ltd,EMEA,2026-08-18,Cold-chain container,8,70.98,567.84,completed,completed
SO-005999,223,Blue Ridge Foods GmbH,APAC,2026-08-18,Sorting arm,20,288.69,5773.80,completed,completed
SO-005483,3,Blue Ridge Logistics Ltd,APAC,2026-08-18,Conveyor belt,4,726.65,2906.60,cancelled,at_risk
SO-005540,388,Granite Chemicals Ltd,APAC,2026-08-18,Label printer,11,891.00,9801.00,completed,completed
SO-005273,5,Summit Logistics Ltd,North America,2026-08-18,Conveyor belt,19,515.84,9800.96,pending,at_risk
SO-005448,304,Ironvale Robotics Inc,UK & Ireland,2026-08-18,Dock leveller,19,163.91,3114.29,completed,completed
SO-005812,113,Silverbrook Robotics GmbH,APAC,2026-08-18,Dock leveller,8,741.18,5929.44,completed,completed
SO-005718,175,Copperfield Instruments Ltd,North America,2026-08-18,Safety cage,14,682.76,9558.64,pending,at_risk
SO-005495,142,Cedarcrest Ceramics Ltd,LATAM,2026-08-18,Sorting arm,16,653.80,10460.80,cancelled,at_risk
SO-005905,1,Harbourline Logistics Ltd,EMEA,2026-08-18,Barcode scanner,1,194.96,194.96,completed,completed
SO-005383,121,Harbourline Freight SA,EMEA,2026-08-18,Sorting arm,4,316.77,1267.08,completed,completed
SO-005815,414,Alderway Logistics BV,UK & Ireland,2026-08-18,Handheld terminal,11,672.68,7399.48,pending,at_risk
SO-005567,17,Ravensgate Logistics SA,LATAM,2026-08-18,Conveyor belt,13,601.84,7823.92,completed,completed
SO-005525,102,Cedarcrest Robotics BV,LATAM,2026-08-18,Conveyor belt,21,335.16,7038.36,pending,at_risk
SO-005546,87,Kestrel Medical SA,LATAM,2026-08-18,Dock leveller,17,891.04,15147.68,cancelled,at_risk
SO-005453,1,Harbourline Logistics Ltd,EMEA,2026-08-18,Sorting arm,24,124.73,2993.52,completed,completed
SO-005925,26,Lakeshore Foods Inc,EMEA,2026-08-18,Tote bin,21,741.32,15567.72,cancelled,at_risk
SO-005979,77,Ravensgate Textiles GmbH,LATAM,2026-08-19,Weighing station,25,474.81,11870.25,cancelled,at_risk
SO-005542,203,Blue Ridge Logistics BV,APAC,2026-08-19,Cold-chain container,13,710.13,9231.69,completed,completed
SO-005388,18,Thistledown Logistics SA,APAC,2026-08-19,Cold-chain container,9,267.40,2406.60,completed,completed
SO-005409,101,Harbourline Robotics BV,EMEA,2026-08-19,Handheld terminal,5,774.94,3874.70,pending,at_risk
SO-005664,21,Harbourline Foods Inc,EMEA,2026-08-19,Pallet rack,10,66.64,666.40,completed,completed
SO-005416,75,Copperfield Textiles Ltd,North America,2026-08-19,Cold-chain container,12,946.69,11360.28,cancelled,at_risk
SO-005822,205,Summit Logistics BV,North America,2026-08-19,Cold-chain container,18,398.94,7180.92,completed,completed
SO-005753,42,Cedarcrest Analytics GmbH,LATAM,2026-08-19,Forklift battery,24,387.26,9294.24,pending,at_risk
SO-005991,5,Summit Logistics Ltd,North America,2026-08-19,Forklift battery,12,780.86,9370.32,cancelled,at_risk
SO-005684,473,Silverbrook Textiles SA,APAC,2026-08-19,Shrink wrapper,5,274.84,1374.20,completed,completed
SO-005944,208,Granite Logistics BV,APAC,2026-08-19,Pallet rack,15,40.66,609.90,completed,completed
SO-005265,101,Harbourline Robotics BV,EMEA,2026-08-19,Weighing station,11,750.80,8258.80,pending,at_risk
SO-005930,1,Harbourline Logistics Ltd,EMEA,2026-08-19,Pallet rack,1,487.32,487.32,completed,completed
SO-005894,35,Copperfield Foods Ltd,North America,2026-08-19,Shrink wrapper,15,583.57,8753.55,pending,at_risk
SO-005487,161,Harbourline Instruments Inc,EMEA,2026-08-19,Forklift battery,8,205.03,1640.24,completed,completed
SO-005654,115,Copperfield Robotics GmbH,North America,2026-08-19,Cold-chain container,25,504.13,12603.25,pending,at_risk
SO-005386,462,Cedarcrest Textiles GmbH,LATAM,2026-08-19,Label printer,7,136.30,954.10,completed,completed
SO-005859,99,Windermere Medical BV,UK & Ireland,2026-08-19,Sorting arm,5,222.79,1113.95,completed,completed
SO-005250,34,Alderway Foods BV,UK & Ireland,2026-08-19,Shrink wrapper,21,474.59,9966.39,pending,at_risk
SO-005572,6,Lakeshore Logistics Ltd,EMEA,2026-08-19,Shrink wrapper,18,425.55,7659.90,completed,completed
SO-005249,45,Summit Analytics GmbH,North America,2026-08-19,Forklift battery,20,227.59,4551.80,completed,completed
SO-005443,3,Blue Ridge Logistics Ltd,APAC,2026-08-19,Barcode scanner,14,419.14,5867.96,cancelled,at_risk
SO-005832,1,Harbourline Logistics Ltd,EMEA,2026-08-19,Pallet rack,3,829.02,2487.06,completed,completed
SO-005456,246,Lakeshore Analytics Ltd,EMEA,2026-08-20,Label printer,2,101.39,202.78,completed,completed
SO-005902,240,Northwind Analytics BV,North America,2026-08-20,Pallet rack,23,86.25,1983.75,completed,completed
SO-005993,234,Alderway Foods Inc,UK & Ireland,2026-08-20,Weighing station,14,314.10,4397.40,completed,completed
SO-005344,242,Cedarcrest Analytics BV,LATAM,2026-08-20,Label printer,15,579.42,8691.30,cancelled,at_risk
SO-005839,160,Northwind Instruments SA,North America,2026-08-20,Weighing station,10,689.86,6898.60,completed,completed
SO-005825,3,Blue Ridge Logistics Ltd,APAC,2026-08-20,Weighing station,21,762.33,16008.93,completed,completed
SO-005682,4,Ironvale Logistics Ltd,UK & Ireland,2026-08-20,Cold-chain container,3,42.63,127.89,completed,completed
SO-005237,11,Sablewood Logistics GmbH,EMEA,2026-08-20,Weighing station,8,693.63,5549.04,cancelled,at_risk
SO-005953,84,Ironvale Medical SA,UK & Ireland,2026-08-20,Tote bin,24,316.14,7587.36,cancelled,at_risk
SO-005458,21,Harbourline Foods Inc,EMEA,2026-08-20,Cold-chain container,4,60.29,241.16,completed,completed
SO-005874,13,Silverbrook Logistics GmbH,APAC,2026-08-20,Pallet rack,20,775.64,15512.80,cancelled,at_risk
SO-005245,204,Ironvale Logistics BV,UK & Ireland,2026-08-20,Conveyor belt,16,127.09,2033.44,completed,completed
SO-005464,23,Blue Ridge Foods Inc,APAC,2026-08-20,Strapping machine,10,351.30,3513.00,cancelled,at_risk
SO-005535,310,Foxglove Robotics BV,North America,2026-08-20,Handheld terminal,6,884.83,5308.98,cancelled,at_risk
SO-005723,439,Windermere Foods SA,UK & Ireland,2026-08-20,Barcode scanner,19,208.29,3957.51,completed,completed
SO-005466,11,Sablewood Logistics GmbH,EMEA,2026-08-20,Safety cage,12,73.99,887.88,completed,completed
SO-005496,293,Silverbrook Medical GmbH,APAC,2026-08-20,Pallet rack,17,569.39,9679.63,completed,completed
SO-005447,6,Lakeshore Logistics Ltd,EMEA,2026-08-20,Weighing station,18,541.08,9739.44,pending,at_risk
SO-005669,115,Copperfield Robotics GmbH,North America,2026-08-20,Forklift battery,15,624.03,9360.45,completed,completed
SO-005774,1,Harbourline Logistics Ltd,EMEA,2026-08-20,Safety cage,20,684.86,13697.20,cancelled,at_risk
SO-005799,100,Northwind Robotics BV,North America,2026-08-20,Tote bin,20,106.83,2136.60,completed,completed
SO-005418,26,Lakeshore Foods Inc,EMEA,2026-08-20,Shrink wrapper,14,177.63,2486.82,completed,completed
SO-005430,6,Lakeshore Logistics Ltd,EMEA,2026-08-20,Cold-chain container,1,908.13,908.13,completed,completed
SO-005726,52,Pinehurst Analytics SA,LATAM,2026-08-20,Shrink wrapper,22,220.74,4856.28,cancelled,at_risk
SO-005387,1,Harbourline Logistics Ltd,EMEA,2026-08-20,Barcode scanner,8,768.54,6148.32,pending,at_risk
SO-005770,345,Summit Ceramics BV,North America,2026-08-20,Dock leveller,16,638.14,10210.24,pending,at_risk
SO-005628,1,Harbourline Logistics Ltd,EMEA,2026-08-20,Shrink wrapper,24,905.47,21731.28,cancelled,at_risk
SO-005504,81,Harbourline Medical GmbH,EMEA,2026-08-20,Dock leveller,25,798.52,19963.00,completed,completed
SO-005806,21,Harbourline Foods Inc,EMEA,2026-08-20,Label printer,2,437.02,874.04,completed,completed
SO-005609,1,Harbourline Logistics Ltd,EMEA,2026-08-20,Conveyor belt,5,760.09,3800.45,pending,at_risk
SO-005491,24,Ironvale Foods Inc,UK & Ireland,2026-08-20,Tote bin,12,630.01,7560.12,pending,at_risk
SO-005485,84,Ironvale Medical SA,UK & Ireland,2026-08-20,Barcode scanner,6,226.11,1356.66,completed,completed
SO-005413,246,Lakeshore Analytics Ltd,EMEA,2026-08-20,Conveyor belt,9,801.48,7213.32,pending,at_risk
SO-005270,57,Ravensgate Analytics Inc,LATAM,2026-08-21,Safety cage,16,726.83,11629.28,cancelled,at_risk
SO-005290,110,Foxglove Robotics Ltd,North America,2026-08-21,Cold-chain container,11,786.19,8648.09,completed,completed
SO-005814,107,Kestrel Robotics Ltd,LATAM,2026-08-21,Strapping machine,10,489.71,4897.10,completed,completed
SO-005792,3,Blue Ridge Logistics Ltd,APAC,2026-08-21,Label printer,13,455.53,5921.89,cancelled,at_risk
SO-005516,1,Harbourline Logistics Ltd,EMEA,2026-08-21,Shrink wrapper,12,190.82,2289.84,pending,at_risk
SO-005640,483,Blue Ridge Medical BV,APAC,2026-08-21,Cold-chain container,11,289.12,3180.32,completed,completed
SO-005643,1,Harbourline Logistics Ltd,EMEA,2026-08-21,Weighing station,14,572.03,8008.42,pending,at_risk
SO-005985,1,Harbourline Logistics Ltd,EMEA,2026-08-21,Sorting arm,6,634.25,3805.50,completed,completed
SO-005776,260,Northwind Textiles SA,North America,2026-08-21,Pallet rack,22,956.26,21037.72,completed,completed
SO-005278,1,Harbourline Logistics Ltd,EMEA,2026-08-21,Shrink wrapper,24,764.27,18342.48,completed,completed
SO-005928,213,Silverbrook Logistics Ltd,APAC,2026-08-21,Safety cage,24,132.10,3170.40,completed,completed
SO-005986,1,Harbourline Logistics Ltd,EMEA,2026-08-21,Pallet rack,7,43.73,306.11,completed,completed
SO-005860,436,Marlowe Foods SA,EMEA,2026-08-21,Pallet rack,6,218.27,1309.62,completed,completed
SO-005547,437,Ravensgate Foods SA,LATAM,2026-08-21,Tote bin,18,500.01,9000.18,completed,completed
SO-005599,86,Lakeshore Medical SA,EMEA,2026-08-21,Forklift battery,20,818.47,16369.40,pending,at_risk
SO-005789,193,Silverbrook Chemicals SA,APAC,2026-08-21,Sorting arm,10,744.99,7449.90,completed,completed
SO-005630,229,Meridian Foods SA,UK & Ireland,2026-08-21,Dock leveller,1,307.60,307.60,completed,completed
SO-005544,32,Pinehurst Foods BV,LATAM,2026-08-21,Shrink wrapper,15,69.26,1038.90,completed,completed
SO-005549,73,Silverbrook Textiles Ltd,APAC,2026-08-21,Handheld terminal,20,570.85,11417.00,completed,completed
SO-005596,318,Thistledown Robotics Ltd,APAC,2026-08-21,Label printer,17,386.31,6567.27,pending,at_risk
SO-005680,422,Cedarcrest Foods Ltd,LATAM,2026-08-21,Label printer,1,273.00,273.00,completed,completed
SO-005378,21,Harbourline Foods Inc,EMEA,2026-08-21,Dock leveller,24,404.77,9714.48,cancelled,at_risk
SO-005235,158,Thistledown Ceramics SA,APAC,2026-08-21,Forklift battery,6,847.28,5083.68,completed,completed
SO-005581,6,Lakeshore Logistics Ltd,EMEA,2026-08-21,Conveyor belt,2,701.06,1402.12,completed,completed
SO-005672,1,Harbourline Logistics Ltd,EMEA,2026-08-22,Dock leveller,18,344.78,6206.04,completed,completed
SO-005579,72,Pinehurst Textiles Ltd,LATAM,2026-08-22,Sorting arm,25,925.74,23143.50,completed,completed
SO-005800,352,Pinehurst Ceramics Ltd,LATAM,2026-08-22,Strapping machine,21,526.62,11059.02,cancelled,at_risk
SO-005977,269,Meridian Textiles Inc,UK & Ireland,2026-08-22,Forklift battery,23,701.15,16126.45,completed,completed
SO-005798,188,Granite Chemicals GmbH,APAC,2026-08-22,Dock leveller,19,709.61,13482.59,pending,at_risk
SO-005987,210,Foxglove Logistics Ltd,North America,2026-08-22,Conveyor belt,8,283.85,2270.80,completed,completed
SO-005257,7,Kestrel Logistics GmbH,LATAM,2026-08-22,Sorting arm,3,758.62,2275.86,completed,completed
SO-005571,13,Silverbrook Logistics GmbH,APAC,2026-08-22,Forklift battery,17,162.85,2768.45,cancelled,at_risk
SO-005533,457,Ravensgate Analytics Ltd,LATAM,2026-08-22,Tote bin,4,452.07,1808.28,completed,completed
SO-005254,27,Kestrel Foods Inc,LATAM,2026-08-22,Strapping machine,25,93.22,2330.50,pending,at_risk
SO-005852,36,Marlowe Foods Ltd,EMEA,2026-08-22,Shrink wrapper,23,312.73,7192.79,completed,completed
SO-005946,9,Meridian Logistics GmbH,UK & Ireland,2026-08-22,Label printer,17,801.11,13618.87,pending,at_risk
SO-005864,481,Harbourline Medical Inc,EMEA,2026-08-22,Cold-chain container,10,317.36,3173.60,completed,completed
SO-005302,296,Marlowe Medical SA,EMEA,2026-08-22,Label printer,23,649.07,14928.61,completed,completed
SO-005404,1,Harbourline Logistics Ltd,EMEA,2026-08-22,Shrink wrapper,25,251.17,6279.25,pending,at_risk
SO-006009,1,Harbourline Logistics Ltd,EMEA,2026-08-22,Tote bin,5,821.47,4107.35,pending,at_risk
SO-005766,1,Harbourline Logistics Ltd,EMEA,2026-08-22,Cold-chain container,12,776.81,9321.72,cancelled,at_risk
SO-005248,1,Harbourline Logistics Ltd,EMEA,2026-08-22,Cold-chain container,19,629.80,11966.20,pending,at_risk
SO-005625,414,Alderway Logistics BV,UK & Ireland,2026-08-22,Barcode scanner,21,837.86,17595.06,cancelled,at_risk
SO-005268,140,Northwind Ceramics Ltd,North America,2026-08-22,Strapping machine,14,597.05,8358.70,completed,completed
SO-005473,1,Harbourline Logistics Ltd,EMEA,2026-08-22,Forklift battery,19,878.92,16699.48,cancelled,at_risk
SO-005283,5,Summit Logistics Ltd,North America,2026-08-22,Handheld terminal,4,672.27,2689.08,completed,completed
SO-005590,2,Cedarcrest Logistics Ltd,LATAM,2026-08-22,Strapping machine,11,137.33,1510.63,completed,completed
SO-005528,1,Harbourline Logistics Ltd,EMEA,2026-08-22,Cold-chain container,24,139.03,3336.72,completed,completed
SO-005364,1,Harbourline Logistics Ltd,EMEA,2026-08-22,Dock leveller,10,303.11,3031.10,completed,completed
SO-005887,1,Harbourline Logistics Ltd,EMEA,2026-08-22,Sorting arm,8,441.23,3529.84,completed,completed
SO-005573,205,Summit Logistics BV,North America,2026-08-22,Weighing station,19,303.22,5761.18,cancelled,at_risk
SO-005280,14,Alderway Logistics SA,UK & Ireland,2026-08-22,Dock leveller,1,47.79,47.79,completed,completed
SO-005284,1,Harbourline Logistics Ltd,EMEA,2026-08-23,Safety cage,5,294.29,1471.45,completed,completed
SO-005461,278,Thistledown Textiles BV,APAC,2026-08-23,Weighing station,7,696.60,4876.20,completed,completed
SO-005701,499,Windermere Medical GmbH,UK & Ireland,2026-08-23,Tote bin,22,833.27,18331.94,cancelled,at_risk
SO-005788,398,Thistledown Chemicals GmbH,APAC,2026-08-23,Safety cage,9,286.71,2580.39,completed,completed
SO-005904,5,Summit Logistics Ltd,North America,2026-08-23,Label printer,25,552.54,13813.50,cancelled,at_risk
SO-005442,350,Foxglove Ceramics Ltd,North America,2026-08-23,Label printer,13,383.77,4989.01,pending,at_risk
SO-005454,384,Ironvale Chemicals BV,UK & Ireland,2026-08-23,Pallet rack,25,684.15,17103.75,cancelled,at_risk
SO-005893,1,Harbourline Logistics Ltd,EMEA,2026-08-23,Forklift battery,14,691.81,9685.34,pending,at_risk
SO-005308,1,Harbourline Logistics Ltd,EMEA,2026-08-23,Dock leveller,4,400.64,1602.56,completed,completed
SO-005277,88,Granite Medical SA,APAC,2026-08-23,Forklift battery,23,717.51,16502.73,completed,completed
SO-005434,235,Copperfield Foods Inc,North America,2026-08-23,Dock leveller,5,308.00,1540.00,pending,at_risk
SO-005826,8,Granite Logistics GmbH,APAC,2026-08-23,Dock leveller,22,310.28,6826.16,cancelled,at_risk
SO-005262,4,Ironvale Logistics Ltd,UK & Ireland,2026-08-23,Cold-chain container,8,241.24,1929.92,completed,completed
SO-005910,427,Kestrel Foods GmbH,LATAM,2026-08-23,Dock leveller,6,136.55,819.30,completed,completed
SO-005588,5,Summit Logistics Ltd,North America,2026-08-23,Dock leveller,9,866.61,7799.49,pending,at_risk
SO-005765,9,Meridian Logistics GmbH,UK & Ireland,2026-08-23,Barcode scanner,11,122.34,1345.74,completed,completed
SO-005771,451,Sablewood Analytics BV,EMEA,2026-08-23,Tote bin,17,903.92,15366.64,completed,completed
SO-005759,26,Lakeshore Foods Inc,EMEA,2026-08-23,Handheld terminal,5,313.67,1568.35,completed,completed
SO-005536,136,Marlowe Freight BV,EMEA,2026-08-23,Safety cage,7,598.52,4189.64,completed,completed
SO-005824,2,Cedarcrest Logistics Ltd,LATAM,2026-08-23,Shrink wrapper,20,757.55,15151.00,cancelled,at_risk
SO-005412,291,Sablewood Medical GmbH,EMEA,2026-08-23,Pallet rack,8,757.94,6063.52,pending,at_risk
SO-005526,25,Summit Foods Inc,North America,2026-08-23,Label printer,22,558.03,12276.66,cancelled,at_risk
SO-005711,335,Copperfield Freight SA,North America,2026-08-23,Forklift battery,7,723.03,5061.21,completed,completed
SO-005279,2,Cedarcrest Logistics Ltd,LATAM,2026-08-23,Weighing station,25,249.06,6226.50,cancelled,at_risk
SO-005342,6,Lakeshore Logistics Ltd,EMEA,2026-08-23,Pallet rack,13,330.32,4294.16,completed,completed
SO-005659,334,Alderway Freight SA,UK & Ireland,2026-08-23,Tote bin,5,524.36,2621.80,completed,completed
SO-005334,429,Meridian Foods GmbH,UK & Ireland,2026-08-23,Shrink wrapper,5,291.16,1455.80,completed,completed
SO-005296,19,Windermere Logistics SA,UK & Ireland,2026-08-23,Strapping machine,17,187.68,3190.56,completed,completed
SO-005895,16,Marlowe Logistics SA,EMEA,2026-08-23,Weighing station,16,808.56,12936.96,cancelled,at_risk
SO-005884,263,Blue Ridge Textiles SA,APAC,2026-08-24,Strapping machine,5,883.17,4415.85,cancelled,at_risk
SO-005602,84,Ironvale Medical SA,UK & Ireland,2026-08-24,Dock leveller,23,443.22,10194.06,pending,at_risk
SO-005673,464,Ironvale Textiles GmbH,UK & Ireland,2026-08-24,Tote bin,19,287.84,5468.96,cancelled,at_risk
SO-005490,28,Granite Foods BV,APAC,2026-08-24,Dock leveller,11,162.07,1782.77,completed,completed
SO-005853,9,Meridian Logistics GmbH,UK & Ireland,2026-08-24,Weighing station,24,882.62,21182.88,cancelled,at_risk
SO-005297,135,Copperfield Freight BV,North America,2026-08-24,Handheld terminal,18,910.77,16393.86,completed,completed
SO-005997,19,Windermere Logistics SA,UK & Ireland,2026-08-24,Handheld terminal,18,855.51,15399.18,completed,completed
SO-005837,90,Foxglove Medical SA,North America,2026-08-24,Forklift battery,8,465.04,3720.32,completed,completed
SO-005289,431,Sablewood Foods GmbH,EMEA,2026-08-24,Barcode scanner,10,201.21,2012.10,completed,completed
SO-005635,114,Alderway Robotics GmbH,UK & Ireland,2026-08-24,Sorting arm,6,621.99,3731.94,completed,completed
SO-005868,22,Cedarcrest Foods Inc,LATAM,2026-08-24,Dock leveller,14,413.34,5786.76,pending,at_risk
SO-006010,189,Meridian Chemicals SA,UK & Ireland,2026-08-24,Strapping machine,6,278.72,1672.32,cancelled,at_risk
SO-005870,81,Harbourline Medical GmbH,EMEA,2026-08-24,Strapping machine,16,877.73,14043.68,pending,at_risk
SO-005661,11,Sablewood Logistics GmbH,EMEA,2026-08-24,Handheld terminal,7,891.29,6239.03,completed,completed
SO-005948,154,Alderway Ceramics SA,UK & Ireland,2026-08-24,Cold-chain container,19,868.93,16509.67,cancelled,at_risk
SO-005481,1,Harbourline Logistics Ltd,EMEA,2026-08-24,Sorting arm,2,172.26,344.52,completed,completed
SO-005929,1,Harbourline Logistics Ltd,EMEA,2026-08-24,Sorting arm,25,219.10,5477.50,pending,at_risk
SO-005396,18,Thistledown Logistics SA,APAC,2026-08-24,Safety cage,17,860.95,14636.15,cancelled,at_risk
SO-005624,2,Cedarcrest Logistics Ltd,LATAM,2026-08-24,Label printer,20,276.49,5529.80,cancelled,at_risk
SO-005816,88,Granite Medical SA,APAC,2026-08-24,Safety cage,12,274.10,3289.20,completed,completed
SO-005360,1,Harbourline Logistics Ltd,EMEA,2026-08-24,Cold-chain container,6,845.16,5070.96,completed,completed
SO-005914,145,Summit Ceramics Ltd,North America,2026-08-24,Safety cage,10,196.52,1965.20,completed,completed
SO-005689,26,Lakeshore Foods Inc,EMEA,2026-08-24,Handheld terminal,10,316.76,3167.60,completed,completed
SO-005966,488,Granite Medical BV,APAC,2026-08-24,Dock leveller,12,271.50,3258.00,cancelled,at_risk
SO-005303,6,Lakeshore Logistics Ltd,EMEA,2026-08-24,Barcode scanner,24,435.73,10457.52,completed,completed
SO-005807,1,Harbourline Logistics Ltd,EMEA,2026-08-24,Barcode scanner,3,682.97,2048.91,completed,completed
SO-005880,104,Ironvale Robotics BV,UK & Ireland,2026-08-24,Shrink wrapper,1,199.92,199.92,completed,completed
SO-005576,411,Sablewood Logistics Inc,EMEA,2026-08-25,Strapping machine,22,198.04,4356.88,cancelled,at_risk
SO-005648,404,Ironvale Logistics SA,UK & Ireland,2026-08-25,Safety cage,19,675.80,12840.20,cancelled,at_risk
SO-005613,2,Cedarcrest Logistics Ltd,LATAM,2026-08-25,Forklift battery,9,265.98,2393.82,completed,completed
SO-005522,1,Harbourline Logistics Ltd,EMEA,2026-08-25,Safety cage,18,481.81,8672.58,cancelled,at_risk
SO-005665,170,Foxglove Instruments BV,North America,2026-08-25,Conveyor belt,11,130.51,1435.61,completed,completed
SO-005370,1,Harbourline Logistics Ltd,EMEA,2026-08-25,Pallet rack,16,404.35,6469.60,completed,completed
SO-005875,267,Kestrel Textiles Inc,LATAM,2026-08-25,Conveyor belt,21,636.59,13368.39,pending,at_risk
SO-005699,466,Lakeshore Textiles GmbH,EMEA,2026-08-25,Weighing station,20,498.23,9964.60,pending,at_risk
SO-005627,84,Ironvale Medical SA,UK & Ireland,2026-08-25,Forklift battery,23,413.14,9502.22,cancelled,at_risk
SO-005307,10,Foxglove Logistics GmbH,North America,2026-08-25,Weighing station,3,936.70,2810.10,completed,completed
SO-005607,8,Granite Logistics GmbH,APAC,2026-08-25,Sorting arm,3,933.45,2800.35,completed,completed
SO-005359,419,Windermere Logistics BV,UK & Ireland,2026-08-25,Barcode scanner,5,250.39,1251.95,completed,completed
SO-005246,45,Summit Analytics GmbH,North America,2026-08-25,Label printer,17,32.01,544.17,completed,completed
SO-005462,145,Summit Ceramics Ltd,North America,2026-08-25,Dock leveller,8,215.72,1725.76,completed,completed
SO-005586,2,Cedarcrest Logistics Ltd,LATAM,2026-08-25,Shrink wrapper,7,371.85,2602.95,pending,at_risk
SO-005694,5,Summit Logistics Ltd,North America,2026-08-25,Label printer,15,553.80,8307.00,completed,completed
SO-005411,1,Harbourline Logistics Ltd,EMEA,2026-08-25,Sorting arm,7,172.35,1206.45,completed,completed
SO-005793,6,Lakeshore Logistics Ltd,EMEA,2026-08-25,Barcode scanner,14,640.56,8967.84,pending,at_risk
SO-005955,1,Harbourline Logistics Ltd,EMEA,2026-08-25,Handheld terminal,1,755.74,755.74,completed,completed
SO-005295,3,Blue Ridge Logistics Ltd,APAC,2026-08-25,Tote bin,16,701.58,11225.28,completed,completed
SO-005978,412,Pinehurst Logistics Inc,LATAM,2026-08-25,Shrink wrapper,24,528.08,12673.92,pending,at_risk
SO-005444,115,Copperfield Robotics GmbH,North America,2026-08-25,Cold-chain container,15,157.97,2369.55,completed,completed
SO-005331,82,Cedarcrest Medical GmbH,LATAM,2026-08-25,Barcode scanner,2,344.77,689.54,completed,completed
SO-005885,32,Pinehurst Foods BV,LATAM,2026-08-25,Handheld terminal,6,139.03,834.18,cancelled,at_risk
SO-005431,20,Northwind Foods SA,North America,2026-08-25,Forklift battery,2,655.00,1310.00,pending,at_risk
SO-005749,1,Harbourline Logistics Ltd,EMEA,2026-08-25,Conveyor belt,20,326.23,6524.60,completed,completed
SO-005343,384,Ironvale Chemicals BV,UK & Ireland,2026-08-25,Conveyor belt,14,382.14,5349.96,pending,at_risk
SO-005730,72,Pinehurst Textiles Ltd,LATAM,2026-08-25,Strapping machine,1,564.04,564.04,completed,completed
SO-005808,258,Thistledown Analytics GmbH,APAC,2026-08-25,Cold-chain container,4,513.16,2052.64,completed,completed
SO-005649,1,Harbourline Logistics Ltd,EMEA,2026-08-25,Sorting arm,20,230.91,4618.20,pending,at_risk
SO-005427,5,Summit Logistics Ltd,North America,2026-08-25,Conveyor belt,23,868.85,19983.55,completed,completed
SO-005402,191,Sablewood Chemicals SA,EMEA,2026-08-26,Cold-chain container,23,146.57,3371.11,completed,completed
SO-005422,300,Northwind Robotics SA,North America,2026-08-26,Strapping machine,18,456.25,8212.50,completed,completed
SO-005994,310,Foxglove Robotics BV,North America,2026-08-26,Dock leveller,15,788.38,11825.70,completed,completed
SO-005369,60,Northwind Textiles Inc,North America,2026-08-26,Sorting arm,15,179.77,2696.55,completed,completed
SO-005548,103,Blue Ridge Robotics BV,APAC,2026-08-26,Strapping machine,19,602.30,11443.70,pending,at_risk
SO-005794,70,Foxglove Textiles Ltd,North America,2026-08-26,Cold-chain container,15,237.45,3561.75,completed,completed
SO-005911,278,Thistledown Textiles BV,APAC,2026-08-26,Tote bin,7,892.96,6250.72,cancelled,at_risk
SO-005580,301,Harbourline Robotics Inc,EMEA,2026-08-26,Pallet rack,1,36.83,36.83,completed,completed
SO-005400,5,Summit Logistics Ltd,North America,2026-08-26,Label printer,21,881.45,18510.45,completed,completed
SO-005467,2,Cedarcrest Logistics Ltd,LATAM,2026-08-26,Sorting arm,13,399.75,5196.75,completed,completed
SO-005796,4,Ironvale Logistics Ltd,UK & Ireland,2026-08-26,Shrink wrapper,17,54.21,921.57,completed,completed
SO-005854,356,Marlowe Ceramics Ltd,EMEA,2026-08-26,Dock leveller,25,583.54,14588.50,completed,completed
SO-005382,473,Silverbrook Textiles SA,APAC,2026-08-26,Safety cage,3,665.19,1995.57,completed,completed
SO-005843,24,Ironvale Foods Inc,UK & Ireland,2026-08-26,Handheld terminal,14,344.03,4816.42,pending,at_risk
SO-005677,221,Harbourline Foods GmbH,EMEA,2026-08-26,Sorting arm,23,594.81,13680.63,cancelled,at_risk
SO-005652,3,Blue Ridge Logistics Ltd,APAC,2026-08-26,Label printer,23,798.54,18366.42,cancelled,at_risk
SO-005909,44,Ironvale Analytics GmbH,UK & Ireland,2026-08-26,Weighing station,5,352.97,1764.85,completed,completed
SO-005479,254,Alderway Analytics GmbH,UK & Ireland,2026-08-26,Handheld terminal,25,236.88,5922.00,completed,completed
SO-005538,16,Marlowe Logistics SA,EMEA,2026-08-26,Pallet rack,9,890.35,8013.15,cancelled,at_risk
SO-005801,1,Harbourline Logistics Ltd,EMEA,2026-08-26,Handheld terminal,22,282.64,6218.08,completed,completed
SO-005503,9,Meridian Logistics GmbH,UK & Ireland,2026-08-26,Weighing station,24,927.09,22250.16,cancelled,at_risk
SO-005338,310,Foxglove Robotics BV,North America,2026-08-26,Strapping machine,9,545.52,4909.68,completed,completed
SO-005804,291,Sablewood Medical GmbH,EMEA,2026-08-26,Pallet rack,25,260.24,6506.00,cancelled,at_risk
SO-005350,112,Pinehurst Robotics GmbH,LATAM,2026-08-26,Dock leveller,21,637.00,13377.00,pending,at_risk
SO-005922,149,Meridian Ceramics GmbH,UK & Ireland,2026-08-26,Shrink wrapper,18,59.78,1076.04,cancelled,at_risk
SO-005568,145,Summit Ceramics Ltd,North America,2026-08-26,Label printer,14,31.60,442.40,completed,completed
SO-005636,432,Pinehurst Foods GmbH,LATAM,2026-08-26,Pallet rack,7,391.17,2738.19,completed,completed
SO-005385,60,Northwind Textiles Inc,North America,2026-08-26,Conveyor belt,6,678.48,4070.88,completed,completed
SO-005304,94,Alderway Medical Inc,UK & Ireland,2026-08-26,Cold-chain container,25,284.34,7108.50,completed,completed
SO-005275,5,Summit Logistics Ltd,North America,2026-08-26,Barcode scanner,21,393.65,8266.65,completed,completed
SO-005961,3,Blue Ridge Logistics Ltd,APAC,2026-08-26,Barcode scanner,7,156.34,1094.38,completed,completed
SO-005861,18,Thistledown Logistics SA,APAC,2026-08-27,Conveyor belt,7,791.29,5539.03,completed,completed
SO-005505,1,Harbourline Logistics Ltd,EMEA,2026-08-27,Tote bin,1,358.45,358.45,completed,completed
SO-005738,61,Harbourline Textiles Inc,EMEA,2026-08-27,Cold-chain container,9,63.40,570.60,completed,completed
SO-005311,147,Kestrel Ceramics GmbH,LATAM,2026-08-27,Handheld terminal,7,809.10,5663.70,completed,completed
SO-005530,1,Harbourline Logistics Ltd,EMEA,2026-08-27,Shrink wrapper,1,661.55,661.55,completed,completed
SO-005559,4,Ironvale Logistics Ltd,UK & Ireland,2026-08-27,Weighing station,5,480.73,2403.65,completed,completed
SO-005593,370,Foxglove Instruments SA,North America,2026-08-27,Sorting arm,14,485.32,6794.48,pending,at_risk
SO-005813,316,Marlowe Robotics Ltd,EMEA,2026-08-27,Tote bin,9,488.36,4395.24,pending,at_risk
SO-005785,223,Blue Ridge Foods GmbH,APAC,2026-08-27,Tote bin,6,432.29,2593.74,completed,completed
SO-005692,167,Kestrel Instruments Inc,LATAM,2026-08-27,Pallet rack,13,99.86,1298.18,completed,completed
SO-005896,11,Sablewood Logistics GmbH,EMEA,2026-08-27,Dock leveller,17,567.28,9643.76,completed,completed
SO-005933,424,Ironvale Foods Ltd,UK & Ireland,2026-08-27,Barcode scanner,4,897.18,3588.72,pending,at_risk
SO-005375,56,Marlowe Analytics Inc,EMEA,2026-08-27,Forklift battery,21,957.61,20109.81,completed,completed
SO-005398,144,Ironvale Ceramics Ltd,UK & Ireland,2026-08-27,Pallet rack,19,204.09,3877.71,pending,at_risk
SO-005658,205,Summit Logistics BV,North America,2026-08-27,Dock leveller,4,485.45,1941.80,completed,completed
SO-005743,461,Harbourline Textiles Ltd,EMEA,2026-08-27,Tote bin,14,283.38,3967.32,completed,completed
SO-005515,285,Summit Medical Ltd,North America,2026-08-27,Forklift battery,11,418.93,4608.23,completed,completed
SO-005527,469,Meridian Textiles SA,UK & Ireland,2026-08-27,Barcode scanner,23,331.74,7630.02,pending,at_risk
SO-005558,3,Blue Ridge Logistics Ltd,APAC,2026-08-27,Shrink wrapper,4,453.43,1813.72,completed,completed
SO-005569,8,Granite Logistics GmbH,APAC,2026-08-27,Barcode scanner,15,439.54,6593.10,pending,at_risk
SO-005341,2,Cedarcrest Logistics Ltd,LATAM,2026-08-27,Sorting arm,12,909.50,10914.00,pending,at_risk
SO-006006,71,Sablewood Textiles Ltd,EMEA,2026-08-27,Shrink wrapper,2,758.69,1517.38,completed,completed
SO-005939,307,Kestrel Robotics Inc,LATAM,2026-08-27,Tote bin,10,813.93,8139.30,cancelled,at_risk
SO-005858,188,Granite Chemicals GmbH,APAC,2026-08-27,Safety cage,4,515.39,2061.56,completed,completed
SO-005574,3,Blue Ridge Logistics Ltd,APAC,2026-08-27,Dock leveller,20,953.82,19076.40,pending,at_risk
SO-005601,39,Windermere Foods Ltd,UK & Ireland,2026-08-27,Weighing station,22,686.08,15093.76,cancelled,at_risk
SO-005319,1,Harbourline Logistics Ltd,EMEA,2026-08-27,Forklift battery,15,899.30,13489.50,completed,completed
SO-005913,7,Kestrel Logistics GmbH,LATAM,2026-08-27,Handheld terminal,9,564.14,5077.26,completed,completed
SO-005550,394,Alderway Chemicals GmbH,UK & Ireland,2026-08-27,Safety cage,21,570.47,11979.87,completed,completed
SO-005423,276,Marlowe Textiles BV,EMEA,2026-08-27,Handheld terminal,19,191.53,3639.07,completed,completed
SO-005717,213,Silverbrook Logistics Ltd,APAC,2026-08-27,Handheld terminal,13,107.32,1395.16,completed,completed
SO-005582,3,Blue Ridge Logistics Ltd,APAC,2026-08-27,Label printer,3,200.94,602.82,completed,completed
SO-005349,239,Windermere Foods BV,UK & Ireland,2026-08-27,Weighing station,20,683.44,13668.80,cancelled,at_risk
SO-005598,168,Granite Instruments BV,APAC,2026-08-28,Cold-chain container,19,139.91,2658.29,completed,completed
SO-005906,303,Blue Ridge Robotics Inc,APAC,2026-08-28,Cold-chain container,2,654.19,1308.38,completed,completed
SO-005695,4,Ironvale Logistics Ltd,UK & Ireland,2026-08-28,Barcode scanner,16,730.12,11681.92,completed,completed
SO-005983,26,Lakeshore Foods Inc,EMEA,2026-08-28,Handheld terminal,4,698.68,2794.72,completed,completed
SO-005260,274,Alderway Textiles BV,UK & Ireland,2026-08-28,Label printer,6,740.41,4442.46,completed,completed
SO-005365,450,Foxglove Analytics BV,North America,2026-08-28,Tote bin,11,528.29,5811.19,completed,completed
SO-005557,331,Sablewood Freight SA,EMEA,2026-08-28,Forklift battery,3,325.42,976.26,completed,completed
SO-005471,89,Meridian Medical SA,UK & Ireland,2026-08-28,Barcode scanner,17,370.86,6304.62,pending,at_risk
SO-005298,222,Cedarcrest Foods GmbH,LATAM,2026-08-28,Safety cage,19,911.60,17320.40,completed,completed
